name,email,phone,group,notes,rsvp,relationship_type,priority,age_group
Harsha Karunaratne,harsha.karunaratne@gmail.com,0768887754,Bride's Friends,Bringing +1,Accepted,friend,2,adult
Achini Perera,achini.perera@gmail.com,0785176895,Relatives,Part of Poruwa ceremony party,Accepted,family,3,adult
Nuwan Rajapaksha,nuwan.rajapaksha@outlook.com,0772576392,Neighbours,Allergic to peanuts,Accepted,other,1,adult
Tharindu Bandara,tharindu.bandara@gmail.com,0755078362,Bride's Family,Late arrival expected,Accepted,family,4,adult
Vidusha Gunasekara,vidusha.gunasekara@yahoo.com,0722501223,Groom's Friends,,Accepted,friend,2,adult
Tharushi Samarasinghe,tharushi.samarasinghe@gmail.com,0706964596,Bride's Friends,,Accepted,friend,2,adult
Lahiru Weerasinghe,lahiru.weerasinghe@hotmail.com,0788360481,Groom's Friends,Traveling from Kandy,Accepted,friend,2,adult
Ruwan Bandara,ruwan.bandara@gmail.com,0758340032,Neighbours,Confirmed via WhatsApp,Accepted,other,1,adult
Tharindu de Zoysa,tharindu.dezoysa@hotmail.com,0728858359,Bride's Colleagues,Halal meal required,Accepted,colleague,2,adult
Buddhika Wickramasinghe,buddhika.wickramasinghe@outlook.com,0725418267,Neighbours,,Accepted,other,1,adult
Amaya Karunaratne,amaya.karunaratne@yahoo.com,0707108168,Other,,Accepted,other,1,adult
Iresha Karunaratne,iresha.karunaratne@yahoo.com,0769347489,Neighbours,Bringing 2 children,Accepted,other,1,child
Nuwan Rajapaksha,nuwan.rajapaksha@gmail.com,0754214793,Groom's Family,Traveling from Kandy,Accepted,family,4,adult
Amaya Herath,amaya.herath@hotmail.com,0707146400,Groom's Friends,,Accepted,friend,2,adult
Gayan Rajapaksha,gayan.rajapaksha@outlook.com,0782341452,VIP,,Accepted,vip,5,adult
Chamath Abeysekara,chamath.abeysekara@hotmail.com,0781978112,Other,,Accepted,other,1,adult
Achini Senanayake,achini.senanayake@gmail.com,0719715516,Groom's Family,Needs wheelchair access,Accepted,family,4,adult
Kavindi Rajapaksha,kavindi.rajapaksha@yahoo.com,0764001408,Neighbours,Traveling from Jaffna,Accepted,other,1,adult
Iresha Karunaratne,iresha.karunaratne@hotmail.com,0773653760,Neighbours,Part of Poruwa ceremony party,Accepted,other,1,adult
Thilina Senanayake,thilina.senanayake@gmail.com,0724722641,Groom's Friends,,Accepted,friend,2,adult
Shanika Bandara,shanika.bandara@yahoo.com,0701633110,VIP,Vegetarian meal,Accepted,vip,5,adult
Thilina Amarasinghe,thilina.amarasinghe@yahoo.com,0715299058,Bride's Colleagues,Traveling from Kandy,Accepted,colleague,2,adult
Kavindi Wijeratne,kavindi.wijeratne@gmail.com,0776447428,VIP,Late arrival expected,Accepted,vip,5,adult
Chathurika Herath,chathurika.herath@hotmail.com,0707401281,Groom's Family,Requires seat near stage,Accepted,family,4,adult
Nipun Abeysekara,nipun.abeysekara@outlook.com,0783022334,Groom's Friends,,Accepted,friend,2,adult
Kaveesha Karunaratne,kaveesha.karunaratne@gmail.com,0729797692,Bride's Family,Late arrival expected,Accepted,family,4,adult
Anjali Abeysekara,anjali.abeysekara@hotmail.com,0787615632,Bride's Friends,,Accepted,friend,2,adult
Vidusha de Zoysa,vidusha.dezoysa@yahoo.com,0757632348,Other,No pork,Accepted,other,1,adult
Chamara Bandara,chamara.bandara@outlook.com,0722503148,Groom's Family,Traveling from Jaffna,Accepted,family,4,adult
Sampath Weerasinghe,sampath.weerasinghe@hotmail.com,0761406123,Bride's Colleagues,Elderly guest,Accepted,colleague,2,senior
Thanuja Wijesinghe,thanuja.wijesinghe@yahoo.com,0751752920,Groom's Friends,Elderly guest,Accepted,friend,2,senior
Chamath Silva,chamath.silva@gmail.com,0771914996,Groom's Friends,Vegetarian meal,Accepted,friend,2,adult
Achini Senanayake,achini.senanayake1@gmail.com,0722866934,Bride's Colleagues,,Accepted,colleague,2,adult
Chamath de Zoysa,chamath.dezoysa@yahoo.com,0719778944,Bride's Colleagues,Vegetarian meal,Accepted,colleague,2,adult
Poornima Perera,poornima.perera@outlook.com,0769838222,Bride's Family,,Accepted,family,4,adult
Kavinda Gunasekara,kavinda.gunasekara@hotmail.com,0708800748,Bride's Family,Bringing +1,Accepted,family,4,adult
Deshani Rathnayake,deshani.rathnayake@hotmail.com,0782810117,Bride's Family,Traveling from Kandy,Accepted,family,4,adult
Nadeeka Mendis,nadeeka.mendis@gmail.com,0729131281,Other,Vegan meal,Accepted,other,1,adult
Chanaka de Zoysa,chanaka.dezoysa@gmail.com,0705150551,Neighbours,Confirmed via WhatsApp,Accepted,other,1,adult
Tharindu Perera,tharindu.perera@hotmail.com,0776904121,Groom's Colleagues,Needs wheelchair access,Accepted,colleague,2,adult
Hansika Dissanayake,hansika.dissanayake@yahoo.com,0727590872,Bride's Friends,Traveling from Kandy,Accepted,friend,2,adult
Poornima Herath,poornima.herath@yahoo.com,0755032585,Other,Bringing 2 children,Accepted,other,1,child
Tharushi Wijesinghe,tharushi.wijesinghe@yahoo.com,0713324928,Other,Allergic to peanuts,Accepted,other,1,adult
Nadeesha Gunasekara,nadeesha.gunasekara@yahoo.com,0753435253,Other,Requires seat near stage,Accepted,other,1,adult
Suresh Wijeratne,suresh.wijeratne@gmail.com,0716328403,Bride's Friends,Requires seat near stage,Accepted,friend,2,adult
Chamodi Abeysekara,chamodi.abeysekara@hotmail.com,0755593537,Bride's Friends,,Accepted,friend,2,adult
Kasun Samarasinghe,kasun.samarasinghe@hotmail.com,0764874049,Other,,Accepted,other,1,adult
Asela Samarasinghe,asela.samarasinghe@outlook.com,0719427608,Other,Elderly guest,Accepted,other,1,senior
Nadeeka Kumarasinghe,nadeeka.kumarasinghe@outlook.com,0713747879,Groom's Friends,Traveling from Jaffna,Accepted,friend,2,adult
Nimasha Bandara,nimasha.bandara@outlook.com,0714402982,Groom's Friends,Part of Poruwa ceremony party,Accepted,friend,2,adult
Vidusha Gunasekara,vidusha.gunasekara@hotmail.com,0788676330,Groom's Friends,,Accepted,friend,2,adult
Achini Karunaratne,achini.karunaratne@hotmail.com,0759995261,Neighbours,,Accepted,other,1,adult
Sanduni Wijesinghe,sanduni.wijesinghe@gmail.com,0719702386,Neighbours,,Accepted,other,1,adult
Amaya Samarasinghe,amaya.samarasinghe@gmail.com,0715885179,VIP,Bringing 2 children,Accepted,vip,5,child
Nadeesha Wijesinghe,nadeesha.wijesinghe@yahoo.com,0755939543,Other,No pork,Accepted,other,1,adult
Sanduni Jayawardena,sanduni.jayawardena@outlook.com,0709399643,Groom's Family,Late arrival expected,Accepted,family,4,adult
Shanika de Zoysa,shanika.dezoysa@yahoo.com,0757938373,Groom's Colleagues,Vegan meal,Accepted,colleague,2,adult
Thilina Gunasekara,thilina.gunasekara@yahoo.com,0752512963,Bride's Colleagues,Vegan meal,Accepted,colleague,2,adult
Chathurika Silva,chathurika.silva@gmail.com,0778539654,Groom's Colleagues,Traveling from Kandy,Accepted,colleague,2,adult
Amaya Herath,amaya.herath@yahoo.com,0757385526,Bride's Family,Requires seat near stage,Accepted,family,4,adult
Poornima Wickramasinghe,poornima.wickramasinghe@yahoo.com,0783426109,Bride's Friends,,Accepted,friend,2,adult
Chathura Wijeratne,chathura.wijeratne@outlook.com,0724031576,Groom's Family,Allergic to peanuts,Accepted,family,4,adult
Harsha Bandara,harsha.bandara@gmail.com,0759348805,VIP,,Accepted,vip,5,adult
Vidusha Dissanayake,vidusha.dissanayake@yahoo.com,0768981122,VIP,,Accepted,vip,5,adult
Nimasha Dissanayake,nimasha.dissanayake@hotmail.com,0764483580,Bride's Family,,Accepted,family,4,adult
Sachini Wickramasinghe,sachini.wickramasinghe@gmail.com,0776007018,Groom's Colleagues,,Accepted,colleague,2,adult
Tharindu Gunawardena,tharindu.gunawardena@hotmail.com,0763976601,VIP,Elderly guest,Accepted,vip,5,senior
Dilini Senanayake,dilini.senanayake@outlook.com,0713047210,Bride's Colleagues,Traveling from Jaffna,Accepted,colleague,2,adult
Shanika Rajapaksha,shanika.rajapaksha@gmail.com,0709874251,Groom's Family,Bringing 2 children,Accepted,family,4,child
Yohan Weerasinghe,yohan.weerasinghe@hotmail.com,0766936673,Bride's Friends,Confirmed via WhatsApp,Accepted,friend,2,adult
Kaveesha Kumarasinghe,kaveesha.kumarasinghe@outlook.com,0784018342,Other,Bringing 2 children,Accepted,other,1,child
Nimasha Jayasuriya,nimasha.jayasuriya@gmail.com,0752978465,Groom's Friends,Traveling from Jaffna,Accepted,friend,2,adult
Sanjeewa Ranasinghe,sanjeewa.ranasinghe@yahoo.com,0704375360,Bride's Colleagues,,Accepted,colleague,2,adult
Buddhika de Zoysa,buddhika.dezoysa@hotmail.com,0781102865,Groom's Family,Requires seat near stage,Accepted,family,4,adult
Amila Herath,amila.herath@gmail.com,0783946567,Groom's Friends,Requires seat near stage,Accepted,friend,2,adult
Vidusha Kumarasinghe,vidusha.kumarasinghe@gmail.com,0773277572,VIP,Part of Poruwa ceremony party,Accepted,vip,5,adult
Iresha Weerasinghe,iresha.weerasinghe@outlook.com,0787944979,Bride's Family,Bringing 2 children,Accepted,family,4,child
Poornima Weerasinghe,poornima.weerasinghe@gmail.com,0716565326,Groom's Colleagues,Vegetarian meal,Accepted,colleague,2,adult
Kasun Weerasinghe,kasun.weerasinghe@outlook.com,0779963616,Bride's Friends,Traveling from Kandy,Accepted,friend,2,adult
Dilshan Samarasinghe,dilshan.samarasinghe@hotmail.com,0776276424,Bride's Family,,Accepted,family,4,adult
Lahiru Ranasinghe,lahiru.ranasinghe@outlook.com,0786077267,Groom's Friends,Vegan meal,Accepted,friend,2,adult
Kavinda Fernando,kavinda.fernando@yahoo.com,0708445293,Neighbours,Confirmed via WhatsApp,Accepted,other,1,adult
Ishara Rajapaksha,ishara.rajapaksha@hotmail.com,0759785019,Bride's Colleagues,Vegetarian meal,Accepted,colleague,2,adult
Chathurika Mendis,chathurika.mendis@yahoo.com,0711613249,VIP,No pork,Accepted,vip,5,adult
Chathura Fernando,chathura.fernando@gmail.com,0728832877,Bride's Family,Bringing 2 children,Accepted,family,4,child
Harsha Senanayake,harsha.senanayake@yahoo.com,0724364763,Groom's Friends,Halal meal required,Accepted,friend,2,adult
Chanaka Rathnayake,chanaka.rathnayake@gmail.com,0723505186,Bride's Friends,,Accepted,friend,2,adult
Iresha Mendis,iresha.mendis@gmail.com,0716877363,Neighbours,Vegetarian meal,Accepted,other,1,adult
Thanuja Senanayake,thanuja.senanayake@yahoo.com,0712195257,Bride's Colleagues,Requires seat near stage,Accepted,colleague,2,adult
Sachini Wickramasinghe,sachini.wickramasinghe1@gmail.com,0751846511,Groom's Family,,Accepted,family,4,adult
Tharindu Gunasekara,tharindu.gunasekara@outlook.com,0766966385,Bride's Colleagues,Allergic to peanuts,Accepted,colleague,2,adult
Poornima de Zoysa,poornima.dezoysa@gmail.com,0788813071,Other,Part of Poruwa ceremony party,Accepted,other,1,adult
Chathura Rathnayake,chathura.rathnayake@outlook.com,0754887183,Groom's Friends,Bringing +1,Accepted,friend,2,adult
Rashmi Gunawardena,rashmi.gunawardena@hotmail.com,0786448586,VIP,,Accepted,vip,5,adult
Prasad Kumarasinghe,prasad.kumarasinghe@outlook.com,0783865574,Bride's Colleagues,Late arrival expected,Accepted,colleague,2,adult
Dilshan Karunaratne,dilshan.karunaratne@gmail.com,0722189907,Bride's Colleagues,Traveling from Kandy,Accepted,colleague,2,adult
Anjali Herath,anjali.herath@yahoo.com,0763667917,VIP,Requires seat near stage,Accepted,vip,5,adult
Asela Amarasinghe,asela.amarasinghe@outlook.com,0788304023,Other,Halal meal required,Accepted,other,1,adult
Piumi Rathnayake,piumi.rathnayake@gmail.com,0779164301,Groom's Family,Part of Poruwa ceremony party,Accepted,family,4,adult
Dilshan Wijesinghe,dilshan.wijesinghe@yahoo.com,0727808088,Groom's Family,Traveling from Kandy,Accepted,family,4,adult
Roshan Rathnayake,roshan.rathnayake@gmail.com,0704650919,Bride's Friends,,Accepted,friend,2,adult
Dinesh Weerasinghe,dinesh.weerasinghe@hotmail.com,0766109503,Relatives,Elderly guest,Accepted,family,3,senior
Nayana Perera,nayana.perera@outlook.com,0783140029,Bride's Colleagues,Halal meal required,Accepted,colleague,2,adult
Nimasha Gunasekara,nimasha.gunasekara@hotmail.com,0705734685,Bride's Family,Late arrival expected,Accepted,family,4,adult
Sanjeewa Gunasekara,sanjeewa.gunasekara@outlook.com,0757401599,Relatives,Vegan meal,Accepted,family,3,adult
Sampath de Zoysa,sampath.dezoysa@outlook.com,0787044627,Relatives,Vegetarian meal,Accepted,family,3,adult
Chamara Jayawardena,chamara.jayawardena@gmail.com,0719165493,Relatives,Vegetarian meal,Accepted,family,3,adult
Roshan Abeysekara,roshan.abeysekara@outlook.com,0788142130,Other,No pork,Accepted,other,1,adult
Nipun Wijesinghe,nipun.wijesinghe@outlook.com,0724787304,Bride's Friends,,Accepted,friend,2,adult
Gimhani Wijeratne,gimhani.wijeratne@yahoo.com,0779417612,Bride's Colleagues,Halal meal required,Accepted,colleague,2,adult
Sachini Fernando,sachini.fernando@outlook.com,0777183722,Groom's Family,,Accepted,family,4,adult
Chamath Mendis,chamath.mendis@hotmail.com,0759672974,Groom's Family,,Accepted,family,4,adult
Roshan Wijeratne,roshan.wijeratne@gmail.com,0776242875,Other,Requires seat near stage,Accepted,other,1,adult
Nimasha Kumarasinghe,nimasha.kumarasinghe@outlook.com,0768872413,Other,Traveling from Jaffna,Accepted,other,1,adult
Kavinda Senanayake,kavinda.senanayake@hotmail.com,0711592675,Other,Late arrival expected,Accepted,other,1,adult
Roshan Kumarasinghe,roshan.kumarasinghe@yahoo.com,0761866037,Bride's Colleagues,,Accepted,colleague,2,adult
Chamara Wickramasinghe,chamara.wickramasinghe@gmail.com,0785661529,Bride's Colleagues,Bringing +1,Accepted,colleague,2,adult
Isuru Perera,isuru.perera@gmail.com,0763929534,Other,Part of Poruwa ceremony party,Accepted,other,1,adult
Tharindu Bandara,tharindu.bandara@yahoo.com,0754033474,Neighbours,Requires seat near stage,Accepted,other,1,adult
Yasodha Jayawardena,yasodha.jayawardena@yahoo.com,0716789409,Bride's Family,,Accepted,family,4,adult
Ruwan Mendis,ruwan.mendis@outlook.com,0705845129,VIP,Requires seat near stage,Accepted,vip,5,adult
Isuru Jayasuriya,isuru.jayasuriya@hotmail.com,0777562471,VIP,Needs wheelchair access,Accepted,vip,5,adult
Nayana Samarasinghe,nayana.samarasinghe@yahoo.com,0766660743,Bride's Friends,,Accepted,friend,2,adult
Achini Silva,achini.silva@gmail.com,0752639113,Neighbours,Part of Poruwa ceremony party,Accepted,other,1,adult
Chamath Senanayake,chamath.senanayake@hotmail.com,0711571126,Bride's Family,,Accepted,family,4,adult
Poornima Rajapaksha,poornima.rajapaksha@gmail.com,0773012881,Groom's Family,Vegetarian meal,Accepted,family,4,adult
Harsha Jayawardena,harsha.jayawardena@yahoo.com,0704091420,Bride's Colleagues,,Accepted,colleague,2,adult
Deshani Bandara,deshani.bandara@outlook.com,0776425820,Bride's Colleagues,,Accepted,colleague,2,adult
Nuwan Karunaratne,nuwan.karunaratne@outlook.com,0722007616,Bride's Colleagues,Bringing +1,Accepted,colleague,2,adult
Chamara Kumarasinghe,chamara.kumarasinghe@yahoo.com,0767587312,Bride's Friends,,Accepted,friend,2,adult
Harsha Abeysekara,harsha.abeysekara@yahoo.com,0762782574,VIP,,Accepted,vip,5,adult
Chamara Amarasinghe,chamara.amarasinghe@hotmail.com,0788480659,Bride's Family,Vegetarian meal,Accepted,family,4,adult
Nimasha Fernando,nimasha.fernando@outlook.com,0723543551,Groom's Colleagues,Late arrival expected,Accepted,colleague,2,adult
Nimasha Karunaratne,nimasha.karunaratne@outlook.com,0709980912,Groom's Colleagues,Bringing 2 children,Accepted,colleague,2,child
Roshan Jayawardena,roshan.jayawardena@gmail.com,0729969540,Groom's Colleagues,Part of Poruwa ceremony party,Accepted,colleague,2,adult
Sithara Jayasuriya,sithara.jayasuriya@hotmail.com,0752423756,VIP,Vegetarian meal,Accepted,vip,5,adult
Kasun Wijeratne,kasun.wijeratne@yahoo.com,0757522436,Groom's Family,Bringing 2 children,Accepted,family,4,child
Nipun Wijesinghe,nipun.wijesinghe@gmail.com,0706692259,Bride's Family,,Accepted,family,4,adult
Sampath Jayawardena,sampath.jayawardena@outlook.com,0773499027,Other,,Accepted,other,1,adult
Ruwan Kumarasinghe,ruwan.kumarasinghe@gmail.com,0751768424,Groom's Friends,Vegetarian meal,Accepted,friend,2,adult
Roshan Fernando,roshan.fernando@hotmail.com,0782632292,VIP,Late arrival expected,Accepted,vip,5,adult
Nipun Jayasuriya,nipun.jayasuriya@gmail.com,0754700592,Groom's Family,Traveling from Jaffna,Accepted,family,4,adult
Nipun Wijeratne,nipun.wijeratne@outlook.com,0723026728,Other,Requires seat near stage,Accepted,other,1,adult
Thanuja Rajapaksha,thanuja.rajapaksha@gmail.com,0763909968,Groom's Colleagues,Bringing +1,Accepted,colleague,2,adult
Ravindu Gunawardena,ravindu.gunawardena@hotmail.com,0763768343,VIP,Late arrival expected,Accepted,vip,5,adult
Dilshan Jayawardena,dilshan.jayawardena@outlook.com,0783646667,Bride's Family,,Accepted,family,4,adult
Tharindu Silva,tharindu.silva@hotmail.com,0758986164,Bride's Friends,Bringing +1,Accepted,friend,2,adult
Chamodi Dissanayake,chamodi.dissanayake@yahoo.com,0761631179,Other,Confirmed via WhatsApp,Accepted,other,1,adult
Dilini Jayawardena,dilini.jayawardena@hotmail.com,0728026061,Bride's Family,Allergic to peanuts,Accepted,family,4,adult
Buddhika Jayasuriya,buddhika.jayasuriya@hotmail.com,0789515120,Groom's Friends,Allergic to peanuts,Accepted,friend,2,adult
Sampath Jayasuriya,sampath.jayasuriya@yahoo.com,0778959326,VIP,,Accepted,vip,5,adult
Prasad Senanayake,prasad.senanayake@yahoo.com,0755217486,Groom's Colleagues,Part of Poruwa ceremony party,Accepted,colleague,2,adult
Chamath Fernando,chamath.fernando@yahoo.com,0711487633,VIP,,Accepted,vip,5,adult
Yasodha Wijesinghe,yasodha.wijesinghe@hotmail.com,0754334495,Groom's Colleagues,,Accepted,colleague,2,adult
Malith Fernando,malith.fernando@outlook.com,0714626649,Other,Traveling from Kandy,Accepted,other,1,adult
Chanaka Wijeratne,chanaka.wijeratne@yahoo.com,0777016144,Bride's Colleagues,Vegetarian meal,Accepted,colleague,2,adult
Amila Fernando,amila.fernando@hotmail.com,0712864104,VIP,Vegan meal,Accepted,vip,5,adult
Anjali Senanayake,anjali.senanayake@yahoo.com,0783851044,Other,Needs wheelchair access,Accepted,other,1,adult
Yohan Mendis,yohan.mendis@outlook.com,0784631304,Other,Part of Poruwa ceremony party,Accepted,other,1,adult
Deshani Amarasinghe,deshani.amarasinghe@gmail.com,0751741958,Bride's Family,No pork,Accepted,family,4,adult
Buddhika Karunaratne,buddhika.karunaratne@outlook.com,0782644153,VIP,,Accepted,vip,5,adult
Nimasha Gunasekara,nimasha.gunasekara@outlook.com,0713226537,Groom's Colleagues,,Accepted,colleague,2,adult
Dinesh Senanayake,dinesh.senanayake@yahoo.com,0778705487,Other,,Accepted,other,1,adult
Sanduni Samarasinghe,sanduni.samarasinghe@yahoo.com,0787800818,Bride's Friends,Elderly guest,Accepted,friend,2,senior
Nadeesha Abeysekara,nadeesha.abeysekara@hotmail.com,0774475340,Groom's Family,Requires seat near stage,Accepted,family,4,adult
Tharindu Jayawardena,tharindu.jayawardena@gmail.com,0764434507,Bride's Friends,Needs wheelchair access,Accepted,friend,2,adult
Kaveesha Kumarasinghe,kaveesha.kumarasinghe@yahoo.com,0784782209,Groom's Colleagues,Bringing +1,Accepted,colleague,2,adult
Chamodi Bandara,chamodi.bandara@gmail.com,0707254777,Groom's Colleagues,No pork,Accepted,colleague,2,adult
Chathurika Kumarasinghe,chathurika.kumarasinghe@hotmail.com,0757176462,Groom's Family,Part of Poruwa ceremony party,Accepted,family,4,adult
Nadeeka Gunawardena,nadeeka.gunawardena@hotmail.com,0702834838,Bride's Friends,Vegetarian meal,Accepted,friend,2,adult
Yohan Rajapaksha,yohan.rajapaksha@gmail.com,0727988325,Neighbours,Confirmed via WhatsApp,Accepted,other,1,adult
Chanaka Wijeratne,chanaka.wijeratne@gmail.com,0724171911,Groom's Family,Needs wheelchair access,Accepted,family,4,adult
Amaya Jayawardena,amaya.jayawardena@hotmail.com,0756751103,Groom's Colleagues,No pork,Accepted,colleague,2,adult
Sanduni Wijesinghe,sanduni.wijesinghe@hotmail.com,0763213824,Bride's Colleagues,Bringing +1,Accepted,colleague,2,adult
Prasad Senanayake,prasad.senanayake@gmail.com,0716924385,Bride's Colleagues,Vegan meal,Accepted,colleague,2,adult
Piumi Gunasekara,piumi.gunasekara@hotmail.com,0713942041,Bride's Friends,,Accepted,friend,2,adult
Sanjeewa Amarasinghe,sanjeewa.amarasinghe@yahoo.com,0755368907,Groom's Colleagues,Halal meal required,Accepted,colleague,2,adult
Poornima Weerasinghe,poornima.weerasinghe@hotmail.com,0717256474,VIP,Vegan meal,Accepted,vip,5,adult
Chathurika Perera,chathurika.perera@outlook.com,0753439136,VIP,Vegetarian meal,Accepted,vip,5,adult
Chamath de Zoysa,chamath.dezoysa@hotmail.com,0775958621,VIP,Late arrival expected,Accepted,vip,5,adult
Thanuja Amarasinghe,thanuja.amarasinghe@outlook.com,0722884343,VIP,Vegetarian meal,Accepted,vip,5,adult
Chathurika Senanayake,chathurika.senanayake@gmail.com,0754697107,VIP,Requires seat near stage,Accepted,vip,5,adult
Roshan Rajapaksha,roshan.rajapaksha@yahoo.com,0785662844,Groom's Friends,Halal meal required,Accepted,friend,2,adult
Poornima Rathnayake,poornima.rathnayake@gmail.com,0767617330,Groom's Friends,No pork,Accepted,friend,2,adult
Prasad Ranasinghe,prasad.ranasinghe@hotmail.com,0752469661,Groom's Friends,Part of Poruwa ceremony party,Accepted,friend,2,adult
Ishara Rajapaksha,ishara.rajapaksha1@hotmail.com,0759813089,Groom's Colleagues,Late arrival expected,Accepted,colleague,2,adult
Menaka Wickramasinghe,menaka.wickramasinghe@yahoo.com,0717405029,Bride's Colleagues,,Accepted,colleague,2,adult
Nadeesha Amarasinghe,nadeesha.amarasinghe@hotmail.com,0758775431,Groom's Friends,,Accepted,friend,2,adult
Harsha Bandara,harsha.bandara@outlook.com,0707069317,Other,Traveling from Jaffna,Accepted,other,1,adult
Isuru Gunawardena,isuru.gunawardena@gmail.com,0716363359,VIP,Vegetarian meal,Accepted,vip,5,adult
Nuwan Bandara,nuwan.bandara@hotmail.com,0756972425,Bride's Family,No pork,Accepted,family,4,adult
Dilini Mendis,dilini.mendis@yahoo.com,0784074382,Groom's Family,Vegan meal,Accepted,family,4,adult
Gimhani Weerasinghe,gimhani.weerasinghe@hotmail.com,0727082121,Groom's Family,Elderly guest,Accepted,family,4,senior
Ruwan Mendis,ruwan.mendis@yahoo.com,0784161109,Neighbours,No pork,Accepted,other,1,adult
Shanika de Zoysa,shanika.dezoysa@gmail.com,0758725762,Groom's Family,Vegetarian meal,Accepted,family,4,adult
Vidusha Ranasinghe,vidusha.ranasinghe@hotmail.com,0777082891,Bride's Friends,No pork,Accepted,friend,2,adult
Tharushi Gunawardena,tharushi.gunawardena@hotmail.com,0702989725,Groom's Friends,Vegetarian meal,Accepted,friend,2,adult
Harsha Kumarasinghe,harsha.kumarasinghe@outlook.com,0704294223,Groom's Family,No pork,Accepted,family,4,adult
Vidusha Jayasuriya,vidusha.jayasuriya@hotmail.com,0702111446,Bride's Colleagues,,Accepted,colleague,2,adult
Deshani Herath,deshani.herath@yahoo.com,0764355853,Bride's Friends,,Accepted,friend,2,adult
Piumi Samarasinghe,piumi.samarasinghe@gmail.com,0772655671,Groom's Friends,Confirmed via WhatsApp,Accepted,friend,2,adult
Amila Gunawardena,amila.gunawardena@outlook.com,0772800606,Bride's Friends,Traveling from Kandy,Accepted,friend,2,adult
Buddhika Dissanayake,buddhika.dissanayake@outlook.com,0706272748,Groom's Family,No pork,Accepted,family,4,adult
Harsha Ranasinghe,harsha.ranasinghe@hotmail.com,0761681298,Groom's Family,,Accepted,family,4,adult
Chanaka Herath,chanaka.herath@hotmail.com,0778448343,Groom's Friends,Bringing 2 children,Accepted,friend,2,child
Amaya Bandara,amaya.bandara@yahoo.com,0788627505,Groom's Family,Confirmed via WhatsApp,Accepted,family,4,adult
Roshan Wickramasinghe,roshan.wickramasinghe@gmail.com,0701886716,Groom's Family,,Accepted,family,4,adult
Rashmi Herath,rashmi.herath@hotmail.com,0716079345,Other,,Accepted,other,1,adult
Amaya Samarasinghe,amaya.samarasinghe@outlook.com,0788818548,Groom's Friends,Confirmed via WhatsApp,Accepted,friend,2,adult
Isuru de Zoysa,isuru.dezoysa@hotmail.com,0781296459,Bride's Family,,Accepted,family,4,adult
Sanjeewa Karunaratne,sanjeewa.karunaratne@outlook.com,0751603663,Bride's Family,Bringing 2 children,Accepted,family,4,child
Prasad Abeysekara,prasad.abeysekara@hotmail.com,0705097480,Groom's Friends,Bringing 2 children,Accepted,friend,2,child
Deshani Gunasekara,deshani.gunasekara@gmail.com,0786115582,Groom's Family,,Accepted,family,4,adult
Tharushi Karunaratne,tharushi.karunaratne@outlook.com,0722639564,VIP,Allergic to peanuts,Accepted,vip,5,adult
Yohan Silva,yohan.silva@yahoo.com,0725448564,Bride's Family,Late arrival expected,Accepted,family,4,adult
Lahiru Herath,lahiru.herath@gmail.com,0772589366,Other,,Accepted,other,1,adult
Amaya Kumarasinghe,amaya.kumarasinghe@outlook.com,0716827003,Groom's Family,Bringing 2 children,Accepted,family,4,child
Harsha de Zoysa,harsha.dezoysa@yahoo.com,0709660803,Bride's Friends,Allergic to peanuts,Accepted,friend,2,adult
Achini Wijeratne,achini.wijeratne@outlook.com,0729937547,Other,Traveling from Jaffna,Accepted,other,1,adult
Gimhani Abeysekara,gimhani.abeysekara@hotmail.com,0785815809,Bride's Friends,Needs wheelchair access,Accepted,friend,2,adult
Dilshan Wickramasinghe,dilshan.wickramasinghe@yahoo.com,0705120259,Bride's Colleagues,Halal meal required,Accepted,colleague,2,adult
Chamodi Jayawardena,chamodi.jayawardena@gmail.com,0713673591,Bride's Colleagues,Bringing +1,Accepted,colleague,2,adult
Hansika Rathnayake,hansika.rathnayake@yahoo.com,0771708541,VIP,,Accepted,vip,5,adult
Nipun Wijeratne,nipun.wijeratne@yahoo.com,0712877913,Other,,Accepted,other,1,adult
Achini Amarasinghe,achini.amarasinghe@hotmail.com,0752514123,Groom's Friends,Requires seat near stage,Accepted,friend,2,adult
Isuru Wijesinghe,isuru.wijesinghe@outlook.com,0721938272,VIP,,Accepted,vip,5,adult
Nimasha Jayawardena,nimasha.jayawardena@gmail.com,0781917249,Groom's Friends,Traveling from Kandy,Accepted,friend,2,adult
Asela Ranasinghe,asela.ranasinghe@gmail.com,0764965830,VIP,Traveling from Kandy,Accepted,vip,5,adult
Deshani Bandara,deshani.bandara@hotmail.com,0704950370,Bride's Colleagues,Vegan meal,Accepted,colleague,2,adult
Kaveesha Weerasinghe,kaveesha.weerasinghe@outlook.com,0781568440,Bride's Colleagues,Confirmed via WhatsApp,Accepted,colleague,2,adult
Ravindu Weerasinghe,ravindu.weerasinghe@outlook.com,0782684358,Bride's Friends,No pork,Accepted,friend,2,adult
Ravindu Herath,ravindu.herath@hotmail.com,0751458871,Bride's Family,Vegan meal,Accepted,family,4,adult
Thanuja Jayawardena,thanuja.jayawardena@yahoo.com,0707721990,Groom's Friends,Requires seat near stage,Accepted,friend,2,adult
Chathurika Gunawardena,chathurika.gunawardena@yahoo.com,0763182597,Other,Requires seat near stage,Accepted,other,1,adult
Yohan Wijeratne,yohan.wijeratne@yahoo.com,0723910495,Other,Bringing 2 children,Accepted,other,1,child
Ravindu Ranasinghe,ravindu.ranasinghe@yahoo.com,0757330379,Other,,Accepted,other,1,adult
Kaveesha Herath,kaveesha.herath@yahoo.com,0708758202,Groom's Friends,Vegan meal,Accepted,friend,2,adult
Asela Mendis,asela.mendis@outlook.com,0788611954,VIP,Allergic to peanuts,Accepted,vip,5,adult
Isuru Dissanayake,isuru.dissanayake@outlook.com,0717201492,Other,Part of Poruwa ceremony party,Accepted,other,1,adult
Malith Wickramasinghe,malith.wickramasinghe@hotmail.com,0777669861,Groom's Friends,Traveling from Jaffna,Accepted,friend,2,adult
Hansika Silva,hansika.silva@gmail.com,0761985700,Bride's Family,Needs wheelchair access,Accepted,family,4,adult
Prasad Herath,prasad.herath@gmail.com,0705255656,Neighbours,Bringing 2 children,Accepted,other,1,child
Poornima Ranasinghe,poornima.ranasinghe@yahoo.com,0761689962,Other,Vegan meal,Accepted,other,1,adult
Dilshan Weerasinghe,dilshan.weerasinghe@gmail.com,0719375364,Bride's Colleagues,Traveling from Jaffna,Accepted,colleague,2,adult
Vidusha Samarasinghe,vidusha.samarasinghe@yahoo.com,0768381800,Bride's Family,,Accepted,family,4,adult
Prasad Gunasekara,prasad.gunasekara@outlook.com,0759270975,Groom's Family,Vegetarian meal,Accepted,family,4,adult
Chamara Rajapaksha,chamara.rajapaksha@hotmail.com,0713823521,Neighbours,Late arrival expected,Accepted,other,1,adult
Poornima Jayasuriya,poornima.jayasuriya@hotmail.com,0705769447,Groom's Family,Late arrival expected,Accepted,family,4,adult
Chathurika Weerasinghe,chathurika.weerasinghe@yahoo.com,0702360015,VIP,Confirmed via WhatsApp,Accepted,vip,5,adult
Isuru Herath,isuru.herath@gmail.com,0721735630,Other,Requires seat near stage,Accepted,other,1,adult
Yasodha Amarasinghe,yasodha.amarasinghe@yahoo.com,0711816752,Bride's Colleagues,,Accepted,colleague,2,adult
Iresha Herath,iresha.herath@outlook.com,0707691735,Bride's Colleagues,Traveling from Kandy,Accepted,colleague,2,adult
Yohan Rajapaksha,yohan.rajapaksha@yahoo.com,0757751088,Bride's Colleagues,Vegetarian meal,Accepted,colleague,2,adult
Vidusha Wijesinghe,vidusha.wijesinghe@outlook.com,0755504336,Other,,Accepted,other,1,adult
Thanuja Ranasinghe,thanuja.ranasinghe@yahoo.com,0758147380,Groom's Family,Requires seat near stage,Accepted,family,4,adult
Poornima Dissanayake,poornima.dissanayake@yahoo.com,0759846268,Neighbours,Part of Poruwa ceremony party,Accepted,other,1,adult
Gayan Kumarasinghe,gayan.kumarasinghe@hotmail.com,0713143956,Bride's Colleagues,No pork,Accepted,colleague,2,adult
Amila Fernando,amila.fernando@gmail.com,0709613666,Groom's Family,Traveling from Jaffna,Accepted,family,4,adult
Dinesh Wijeratne,dinesh.wijeratne@hotmail.com,0725275844,Other,No pork,Accepted,other,1,adult
Nadeesha Weerasinghe,nadeesha.weerasinghe@outlook.com,0788548873,Other,Requires seat near stage,Accepted,other,1,adult
Gimhani Gunawardena,gimhani.gunawardena@yahoo.com,0712312322,Other,,Accepted,other,1,adult
Kasun Perera,kasun.perera@outlook.com,0701223214,Bride's Friends,Part of Poruwa ceremony party,Accepted,friend,2,adult
Kasun Rajapaksha,kasun.rajapaksha@gmail.com,0781266510,Groom's Friends,Allergic to peanuts,Accepted,friend,2,adult
Ruwan Jayawardena,ruwan.jayawardena@yahoo.com,0754203013,Groom's Family,Part of Poruwa ceremony party,Accepted,family,4,adult
Ravindu Perera,ravindu.perera@gmail.com,0713557220,VIP,Confirmed via WhatsApp,Accepted,vip,5,adult
Chanaka Amarasinghe,chanaka.amarasinghe@yahoo.com,0715946450,Other,Traveling from Kandy,Accepted,other,1,adult
Kasun Jayasuriya,kasun.jayasuriya@outlook.com,0759316519,Other,Halal meal required,Accepted,other,1,adult
Sachini Kumarasinghe,sachini.kumarasinghe@outlook.com,0759612679,Other,Confirmed via WhatsApp,Accepted,other,1,adult
Nuwan Mendis,nuwan.mendis@gmail.com,0756299086,Neighbours,Traveling from Jaffna,Accepted,other,1,adult
Chathurika Kumarasinghe,chathurika.kumarasinghe1@hotmail.com,0758318725,Bride's Family,Allergic to peanuts,Accepted,family,4,adult
Chanaka Dissanayake,chanaka.dissanayake@yahoo.com,0766690043,Other,Part of Poruwa ceremony party,Accepted,other,1,adult
Chathura Wijeratne,chathura.wijeratne1@outlook.com,0757044085,VIP,Vegan meal,Accepted,vip,5,adult
Nadeesha Gunasekara,nadeesha.gunasekara@gmail.com,0779101545,Bride's Friends,Vegan meal,Accepted,friend,2,adult
Chathurika Abeysekara,chathurika.abeysekara@outlook.com,0724937929,Groom's Friends,,Accepted,friend,2,adult
Isuru Ranasinghe,isuru.ranasinghe@yahoo.com,0719446974,Bride's Family,Requires seat near stage,Accepted,family,4,adult
Janaka Dissanayake,janaka.dissanayake@gmail.com,0764759700,VIP,Requires seat near stage,Accepted,vip,5,adult
Menaka Fernando,menaka.fernando@hotmail.com,0719646766,Other,,Accepted,other,1,adult
Sanduni Wijesinghe,sanduni.wijesinghe1@gmail.com,0702709062,Neighbours,,Accepted,other,1,adult
Dilshan Rajapaksha,dilshan.rajapaksha@hotmail.com,0715901010,VIP,Confirmed via WhatsApp,Accepted,vip,5,adult
Chathurika Wickramasinghe,chathurika.wickramasinghe@hotmail.com,0723311438,Groom's Family,Part of Poruwa ceremony party,Accepted,family,4,adult
Prasad Gunasekara,prasad.gunasekara1@outlook.com,0725117989,Bride's Friends,No pork,Accepted,friend,2,adult
Lahiru Wickramasinghe,lahiru.wickramasinghe@outlook.com,0757867070,VIP,No pork,Accepted,vip,5,adult
Madushani Perera,madushani.perera@outlook.com,0711166911,Neighbours,,Accepted,other,1,adult
Sachini Jayawardena,sachini.jayawardena@hotmail.com,0757744488,Neighbours,Requires seat near stage,Accepted,other,1,adult
Nimasha Bandara,nimasha.bandara@yahoo.com,0777776956,VIP,Halal meal required,Accepted,vip,5,adult
Suresh Weerasinghe,suresh.weerasinghe@outlook.com,0773114023,Neighbours,Bringing 2 children,Accepted,other,1,child
Buddhika de Zoysa,buddhika.dezoysa1@hotmail.com,0766716146,Bride's Friends,Halal meal required,Accepted,friend,2,adult
Anjali Samarasinghe,anjali.samarasinghe@hotmail.com,0778092498,Neighbours,,Accepted,other,1,adult
Hansika Jayawardena,hansika.jayawardena@hotmail.com,0701800824,Groom's Family,Late arrival expected,Accepted,family,4,adult
Sanduni Weerasinghe,sanduni.weerasinghe@yahoo.com,0789947098,Other,Bringing 2 children,Accepted,other,1,child
Kavinda Gunasekara,kavinda.gunasekara@yahoo.com,0777336179,Neighbours,,Accepted,other,1,adult
Amila Rajapaksha,amila.rajapaksha@hotmail.com,0752643963,Bride's Friends,Traveling from Jaffna,Accepted,friend,2,adult
Nuwan Abeysekara,nuwan.abeysekara@yahoo.com,0754603484,VIP,No pork,Accepted,vip,5,adult
Suresh Mendis,suresh.mendis@outlook.com,0785424046,Other,Traveling from Jaffna,Accepted,other,1,adult
Shanika Kumarasinghe,shanika.kumarasinghe@outlook.com,0783732048,Bride's Friends,Confirmed via WhatsApp,Accepted,friend,2,adult
Ishara Gunasekara,ishara.gunasekara@gmail.com,0774567549,VIP,Vegan meal,Accepted,vip,5,adult
Chathurika Ranasinghe,chathurika.ranasinghe@hotmail.com,0726087859,Bride's Colleagues,Vegetarian meal,Accepted,colleague,2,adult
Amila Abeysekara,amila.abeysekara@gmail.com,0725756043,Groom's Friends,Confirmed via WhatsApp,Accepted,friend,2,adult
Sithara Weerasinghe,sithara.weerasinghe@outlook.com,0753228175,Bride's Friends,Part of Poruwa ceremony party,Accepted,friend,2,adult
Poornima Wijesinghe,poornima.wijesinghe@yahoo.com,0786456223,Groom's Family,Traveling from Jaffna,Accepted,family,4,adult
Thilina Karunaratne,thilina.karunaratne@hotmail.com,0761768727,VIP,,Accepted,vip,5,adult
Shanika Perera,shanika.perera@hotmail.com,0763076710,Neighbours,Halal meal required,Accepted,other,1,adult
Sachini Amarasinghe,sachini.amarasinghe@yahoo.com,0788983198,Neighbours,,Accepted,other,1,adult
Iresha Gunawardena,iresha.gunawardena@gmail.com,0724452834,Groom's Friends,Late arrival expected,Accepted,friend,2,adult
Kavinda de Zoysa,kavinda.dezoysa@hotmail.com,0751754700,VIP,,Accepted,vip,5,adult
Dilshan de Zoysa,dilshan.dezoysa@yahoo.com,0723416493,Bride's Friends,,Accepted,friend,2,adult
Ravindu Rathnayake,ravindu.rathnayake@yahoo.com,0706457472,Bride's Friends,,Accepted,friend,2,adult
Dilshan Weerasinghe,dilshan.weerasinghe@yahoo.com,0756439471,Bride's Colleagues,,Accepted,colleague,2,adult
Lahiru Samarasinghe,lahiru.samarasinghe@yahoo.com,0759533248,Neighbours,,Accepted,other,1,adult
Sanjeewa Wijesinghe,sanjeewa.wijesinghe@outlook.com,0709123050,Bride's Family,Needs wheelchair access,Accepted,family,4,adult
Nimasha Bandara,nimasha.bandara@gmail.com,0713106737,Bride's Colleagues,Part of Poruwa ceremony party,Accepted,colleague,2,adult
Iresha Abeysekara,iresha.abeysekara@outlook.com,0701016794,VIP,Bringing 2 children,Accepted,vip,5,child
Piumi Perera,piumi.perera@gmail.com,0755585262,Other,Traveling from Kandy,Accepted,other,1,adult
Achini Jayawardena,achini.jayawardena@yahoo.com,0769561890,Bride's Colleagues,Halal meal required,Accepted,colleague,2,adult
Nadeesha Silva,nadeesha.silva@outlook.com,0773063211,Bride's Friends,Bringing +1,Accepted,friend,2,adult
Kavindi Herath,kavindi.herath@hotmail.com,0776748465,Bride's Colleagues,Part of Poruwa ceremony party,Accepted,colleague,2,adult
Dinesh Weerasinghe,dinesh.weerasinghe1@hotmail.com,0718714152,Other,Vegetarian meal,Accepted,other,1,adult
Nimasha Herath,nimasha.herath@outlook.com,0701160702,Bride's Friends,Confirmed via WhatsApp,Accepted,friend,2,adult
Iresha Silva,iresha.silva@gmail.com,0761519213,VIP,Elderly guest,Accepted,vip,5,senior
Rashmi Herath,rashmi.herath1@hotmail.com,0753972698,Bride's Family,Elderly guest,Accepted,family,4,senior
Sanduni Perera,sanduni.perera@yahoo.com,0771331881,Bride's Colleagues,Elderly guest,Accepted,colleague,2,senior
Nipun Herath,nipun.herath@hotmail.com,0784710242,Groom's Friends,Elderly guest,Accepted,friend,2,senior
Vidusha Gunawardena,vidusha.gunawardena@yahoo.com,0773944885,Groom's Family,,Accepted,family,4,adult
Gayan Amarasinghe,gayan.amarasinghe@yahoo.com,0765602459,Groom's Friends,,Accepted,friend,2,adult
Shanika Rathnayake,shanika.rathnayake@hotmail.com,0778615616,Bride's Family,,Accepted,family,4,adult
Tharushi Abeysekara,tharushi.abeysekara@outlook.com,0723042084,Neighbours,Elderly guest,Accepted,other,1,senior
Sampath Weerasinghe,sampath.weerasinghe@gmail.com,0761425670,Groom's Friends,Traveling from Jaffna,Accepted,friend,2,adult
Deshani Dissanayake,deshani.dissanayake@yahoo.com,0716523472,Bride's Colleagues,,Accepted,colleague,2,adult
Ravindu Perera,ravindu.perera@hotmail.com,0785201173,Groom's Friends,Needs wheelchair access,Accepted,friend,2,adult
Achini Fernando,achini.fernando@hotmail.com,0764971899,Groom's Family,Part of Poruwa ceremony party,Accepted,family,4,adult
Kaveesha Wijesinghe,kaveesha.wijesinghe@gmail.com,0702018157,Bride's Family,,Accepted,family,4,adult
Sachini Wijesinghe,sachini.wijesinghe@gmail.com,0728245056,Groom's Family,,Accepted,family,4,adult
Nadeesha Karunaratne,nadeesha.karunaratne@outlook.com,0707897247,Groom's Friends,,Accepted,friend,2,adult
Chanaka Abeysekara,chanaka.abeysekara@gmail.com,0721435739,VIP,Late arrival expected,Accepted,vip,5,adult
Dilshan Perera,dilshan.perera@gmail.com,0764248312,Other,No pork,Accepted,other,1,adult
Ravindu Kumarasinghe,ravindu.kumarasinghe@outlook.com,0715079421,Bride's Friends,,Accepted,friend,2,adult
Amila Abeysekara,amila.abeysekara@hotmail.com,0723443176,Bride's Friends,Requires seat near stage,Accepted,friend,2,adult
Kasun Mendis,kasun.mendis@yahoo.com,0704982698,Neighbours,Halal meal required,Accepted,other,1,adult
Chamodi Ranasinghe,chamodi.ranasinghe@yahoo.com,0714376603,Groom's Family,Confirmed via WhatsApp,Accepted,family,4,adult
Sanduni Herath,sanduni.herath@hotmail.com,0786631448,Other,Requires seat near stage,Accepted,other,1,adult
Chanaka Fernando,chanaka.fernando@outlook.com,0711062026,Groom's Friends,Part of Poruwa ceremony party,Accepted,friend,2,adult
Anjali Kumarasinghe,anjali.kumarasinghe@hotmail.com,0787306753,Groom's Friends,,Accepted,friend,2,adult
Chamara Ranasinghe,chamara.ranasinghe@gmail.com,0762932555,Bride's Friends,Allergic to peanuts,Accepted,friend,2,adult
Deshani Samarasinghe,deshani.samarasinghe@hotmail.com,0701498041,Groom's Friends,Vegan meal,Accepted,friend,2,adult
Isuru Wijeratne,isuru.wijeratne@yahoo.com,0725126595,Bride's Friends,Vegan meal,Accepted,friend,2,adult
Dulmini Abeysekara,dulmini.abeysekara@gmail.com,0703423170,Bride's Friends,Allergic to peanuts,Accepted,friend,2,adult
Shanika Ranasinghe,shanika.ranasinghe@hotmail.com,0768206488,Groom's Friends,Late arrival expected,Accepted,friend,2,adult
Suresh Senanayake,suresh.senanayake@yahoo.com,0725146852,Bride's Family,Bringing +1,Accepted,family,4,adult
Gimhani Mendis,gimhani.mendis@outlook.com,0712365794,VIP,,Accepted,vip,5,adult
Nadeeka Samarasinghe,nadeeka.samarasinghe@hotmail.com,0759705569,VIP,Elderly guest,Accepted,vip,5,senior
Vidusha Gunasekara,vidusha.gunasekara@outlook.com,0755501921,Other,Late arrival expected,Accepted,other,1,adult
Nayana Gunawardena,nayana.gunawardena@hotmail.com,0722422018,Bride's Friends,Bringing 2 children,Accepted,friend,2,child
Prasad Dissanayake,prasad.dissanayake@gmail.com,0759594331,Other,Part of Poruwa ceremony party,Accepted,other,1,adult
Roshan Silva,roshan.silva@hotmail.com,0705941189,Neighbours,,Accepted,other,1,adult
Dinesh Weerasinghe,dinesh.weerasinghe2@hotmail.com,0725604751,Groom's Friends,Vegetarian meal,Accepted,friend,2,adult
Menaka Gunasekara,menaka.gunasekara@hotmail.com,0706024342,Bride's Colleagues,Traveling from Kandy,Accepted,colleague,2,adult
Achini Amarasinghe,achini.amarasinghe@gmail.com,0759600788,Bride's Friends,Needs wheelchair access,Accepted,friend,2,adult
Chamath Rajapaksha,chamath.rajapaksha@outlook.com,0719654113,Other,Part of Poruwa ceremony party,Accepted,other,1,adult
Chanaka de Zoysa,chanaka.dezoysa1@gmail.com,0723331197,Other,Bringing 2 children,Accepted,other,1,child
Shanika de Zoysa,shanika.dezoysa@hotmail.com,0721389899,Other,Vegetarian meal,Accepted,other,1,adult
Dilshan Weerasinghe,dilshan.weerasinghe@outlook.com,0776111102,Groom's Family,Halal meal required,Accepted,family,4,adult
Nipun Gunasekara,nipun.gunasekara@outlook.com,0704132173,Groom's Friends,Traveling from Kandy,Accepted,friend,2,adult
Gayan Abeysekara,gayan.abeysekara@outlook.com,0712857975,Bride's Friends,Confirmed via WhatsApp,Accepted,friend,2,adult
Rashmi Rajapaksha,rashmi.rajapaksha@yahoo.com,0784450687,Bride's Colleagues,Confirmed via WhatsApp,Accepted,colleague,2,adult
Amila Senanayake,amila.senanayake@yahoo.com,0768700011,Bride's Colleagues,Vegetarian meal,Accepted,colleague,2,adult
Nipun Karunaratne,nipun.karunaratne@yahoo.com,0766517883,Other,Part of Poruwa ceremony party,Accepted,other,1,adult
Nipun Gunawardena,nipun.gunawardena@outlook.com,0714012820,Other,Part of Poruwa ceremony party,Accepted,other,1,adult
Dinesh Gunawardena,dinesh.gunawardena@gmail.com,0751732568,Groom's Friends,Vegan meal,Accepted,friend,2,adult
Roshan de Zoysa,roshan.dezoysa@hotmail.com,0772119776,Groom's Friends,Traveling from Jaffna,Accepted,friend,2,adult
Iresha Jayasuriya,iresha.jayasuriya@hotmail.com,0702765375,Neighbours,Requires seat near stage,Accepted,other,1,adult
Tharindu Bandara,tharindu.bandara1@yahoo.com,0761748853,VIP,Part of Poruwa ceremony party,Accepted,vip,5,adult
Chamath Karunaratne,chamath.karunaratne@yahoo.com,0751633753,Bride's Family,Vegetarian meal,Accepted,family,4,adult
Chamath Wijesinghe,chamath.wijesinghe@outlook.com,0752144829,Groom's Family,Needs wheelchair access,Accepted,family,4,adult
Sanduni Wickramasinghe,sanduni.wickramasinghe@outlook.com,0785683223,Bride's Friends,,Accepted,friend,2,adult
Piumi Senanayake,piumi.senanayake@gmail.com,0767557366,Bride's Friends,,Accepted,friend,2,adult
Ishara Wijesinghe,ishara.wijesinghe@hotmail.com,0714635160,Bride's Family,Halal meal required,Accepted,family,4,adult
Asela Fernando,asela.fernando@gmail.com,0756172822,VIP,,Accepted,vip,5,adult
Nadeeka Samarasinghe,nadeeka.samarasinghe1@yahoo.com,0717285495,Groom's Friends,,Accepted,friend,2,adult
Kasun Weerasinghe,kasun.weerasinghe@yahoo.com,0772059841,Groom's Friends,,Accepted,friend,2,adult
Achini Rathnayake,achini.rathnayake@yahoo.com,0773802587,Bride's Family,,Accepted,family,4,adult
Tharushi de Zoysa,tharushi.dezoysa@yahoo.com,0764474885,Neighbours,Traveling from Jaffna,Accepted,other,1,adult
Sampath Jayasuriya,sampath.jayasuriya@hotmail.com,0723912886,Bride's Family,Requires seat near stage,Accepted,family,4,adult
Sampath Wijesinghe,sampath.wijesinghe@yahoo.com,0705671743,Other,,Accepted,other,1,adult
Chamodi Senanayake,chamodi.senanayake@outlook.com,0709995633,Other,,Accepted,other,1,adult
Poornima Kumarasinghe,poornima.kumarasinghe@gmail.com,0721296097,Other,Part of Poruwa ceremony party,Accepted,other,1,adult
Roshan Wijeratne,roshan.wijeratne@yahoo.com,0761222997,Groom's Friends,,Accepted,friend,2,adult
Chamath Abeysekara,chamath.abeysekara1@yahoo.com,0762331937,Bride's Family,Confirmed via WhatsApp,Accepted,family,4,adult
Ruwan Karunaratne,ruwan.karunaratne@yahoo.com,0771635969,Groom's Friends,Part of Poruwa ceremony party,Accepted,friend,2,adult
Tharushi Wickramasinghe,tharushi.wickramasinghe@hotmail.com,0721664503,Neighbours,Traveling from Jaffna,Accepted,other,1,adult
Gayan Rathnayake,gayan.rathnayake@yahoo.com,0784731991,Other,No pork,Accepted,other,1,adult
Chanaka Jayawardena,chanaka.jayawardena@gmail.com,0709248388,Groom's Family,,Accepted,family,4,adult
Ishara Rajapaksha,ishara.rajapaksha@yahoo.com,0703913796,Other,Allergic to peanuts,Accepted,other,1,adult
Chamara Abeysekara,chamara.abeysekara@outlook.com,0723754127,Groom's Friends,Vegan meal,Accepted,friend,2,adult
Nadeesha Senanayake,nadeesha.senanayake@outlook.com,0774378948,Bride's Colleagues,Confirmed via WhatsApp,Accepted,colleague,2,adult
Prasad Karunaratne,prasad.karunaratne@outlook.com,0718897261,VIP,Traveling from Jaffna,Accepted,vip,5,adult
Ishara de Zoysa,ishara.dezoysa@yahoo.com,0727382895,VIP,Bringing 2 children,Accepted,vip,5,child
Janaka Kumarasinghe,janaka.kumarasinghe@gmail.com,0723292713,VIP,Allergic to peanuts,Accepted,vip,5,adult
Chathura Jayawardena,chathura.jayawardena@gmail.com,0751651407,Groom's Family,Late arrival expected,Accepted,family,4,adult
Harsha Abeysekara,harsha.abeysekara@hotmail.com,0786848179,Neighbours,Elderly guest,Accepted,other,1,senior
Kaveesha Karunaratne,kaveesha.karunaratne@outlook.com,0775140479,Groom's Friends,Elderly guest,Accepted,friend,2,senior
Poornima Perera,poornima.perera@yahoo.com,0728641531,Bride's Friends,Late arrival expected,Accepted,friend,2,adult
Amila Samarasinghe,amila.samarasinghe@hotmail.com,0783394334,Bride's Colleagues,Traveling from Kandy,Accepted,colleague,2,adult
Nimasha Gunawardena,nimasha.gunawardena@outlook.com,0702625220,Groom's Family,Traveling from Jaffna,Accepted,family,4,adult
Tharindu Mendis,tharindu.mendis@gmail.com,0754566389,Bride's Friends,Vegan meal,Accepted,friend,2,adult
Kavindi Bandara,kavindi.bandara@outlook.com,0752831995,Bride's Friends,,Accepted,friend,2,adult
Isuru Silva,isuru.silva@hotmail.com,0704938956,VIP,,Accepted,vip,5,adult
Isuru Samarasinghe,isuru.samarasinghe@gmail.com,0771702283,Groom's Family,,Accepted,family,4,adult
Poornima Rajapaksha,poornima.rajapaksha1@gmail.com,0776405343,Bride's Family,,Accepted,family,4,adult
Gayan Kumarasinghe,gayan.kumarasinghe@gmail.com,0777456854,Bride's Colleagues,Vegetarian meal,Accepted,colleague,2,adult
Sithara Amarasinghe,sithara.amarasinghe@gmail.com,0719353796,Groom's Family,Halal meal required,Accepted,family,4,adult
Sanduni Gunawardena,sanduni.gunawardena@outlook.com,0709089445,Neighbours,Allergic to peanuts,Accepted,other,1,adult
