name,email,phone,group,notes,rsvp,relationship_type,priority,age_group,cluster
Harsha Karunaratne,harsha.karunaratne@gmail.com,768887754,Bride's Friends,Bringing +1,Accepted,friend,2,adult,4
Achini Perera,achini.perera@gmail.com,785176895,Relatives,Part of Poruwa ceremony party,Accepted,family,3,adult,2
Nuwan Rajapaksha,nuwan.rajapaksha@outlook.com,772576392,Neighbours,Allergic to peanuts,Accepted,other,1,adult,3
Tharindu Bandara,tharindu.bandara@gmail.com,755078362,Bride's Family,Late arrival expected,Accepted,family,4,adult,2
Vidusha Gunasekara,vidusha.gunasekara@yahoo.com,722501223,Groom's Friends,,Accepted,friend,2,adult,4
Tharushi Samarasinghe,tharushi.samarasinghe@gmail.com,706964596,Bride's Friends,,Accepted,friend,2,adult,4
Lahiru Weerasinghe,lahiru.weerasinghe@hotmail.com,788360481,Groom's Friends,Traveling from Kandy,Accepted,friend,2,adult,4
Ruwan Bandara,ruwan.bandara@gmail.com,758340032,Neighbours,Confirmed via WhatsApp,Accepted,other,1,adult,3
Tharindu de Zoysa,tharindu.dezoysa@hotmail.com,728858359,Bride's Colleagues,Halal meal required,Accepted,colleague,2,adult,0
Buddhika Wickramasinghe,buddhika.wickramasinghe@outlook.com,725418267,Neighbours,,Accepted,other,1,adult,3
Amaya Karunaratne,amaya.karunaratne@yahoo.com,707108168,Other,,Accepted,other,1,adult,3
Iresha Karunaratne,iresha.karunaratne@yahoo.com,769347489,Neighbours,Bringing 2 children,Accepted,other,1,child,3
Nuwan Rajapaksha,nuwan.rajapaksha@gmail.com,754214793,Groom's Family,Traveling from Kandy,Accepted,family,4,adult,2
Amaya Herath,amaya.herath@hotmail.com,707146400,Groom's Friends,,Accepted,friend,2,adult,4
Gayan Rajapaksha,gayan.rajapaksha@outlook.com,782341452,VIP,,Accepted,vip,5,adult,1
Chamath Abeysekara,chamath.abeysekara@hotmail.com,781978112,Other,,Accepted,other,1,adult,3
Achini Senanayake,achini.senanayake@gmail.com,719715516,Groom's Family,Needs wheelchair access,Accepted,family,4,adult,2
Kavindi Rajapaksha,kavindi.rajapaksha@yahoo.com,764001408,Neighbours,Traveling from Jaffna,Accepted,other,1,adult,3
Iresha Karunaratne,iresha.karunaratne@hotmail.com,773653760,Neighbours,Part of Poruwa ceremony party,Accepted,other,1,adult,3
Thilina Senanayake,thilina.senanayake@gmail.com,724722641,Groom's Friends,,Accepted,friend,2,adult,4
Shanika Bandara,shanika.bandara@yahoo.com,701633110,VIP,Vegetarian meal,Accepted,vip,5,adult,1
Thilina Amarasinghe,thilina.amarasinghe@yahoo.com,715299058,Bride's Colleagues,Traveling from Kandy,Accepted,colleague,2,adult,0
Kavindi Wijeratne,kavindi.wijeratne@gmail.com,776447428,VIP,Late arrival expected,Accepted,vip,5,adult,1
Chathurika Herath,chathurika.herath@hotmail.com,707401281,Groom's Family,Requires seat near stage,Accepted,family,4,adult,2
Nipun Abeysekara,nipun.abeysekara@outlook.com,783022334,Groom's Friends,,Accepted,friend,2,adult,4
Kaveesha Karunaratne,kaveesha.karunaratne@gmail.com,729797692,Bride's Family,Late arrival expected,Accepted,family,4,adult,2
Anjali Abeysekara,anjali.abeysekara@hotmail.com,787615632,Bride's Friends,,Accepted,friend,2,adult,4
Vidusha de Zoysa,vidusha.dezoysa@yahoo.com,757632348,Other,No pork,Accepted,other,1,adult,3
Chamara Bandara,chamara.bandara@outlook.com,722503148,Groom's Family,Traveling from Jaffna,Accepted,family,4,adult,2
Sampath Weerasinghe,sampath.weerasinghe@hotmail.com,761406123,Bride's Colleagues,Elderly guest,Accepted,colleague,2,senior,0
Thanuja Wijesinghe,thanuja.wijesinghe@yahoo.com,751752920,Groom's Friends,Elderly guest,Accepted,friend,2,senior,4
Chamath Silva,chamath.silva@gmail.com,771914996,Groom's Friends,Vegetarian meal,Accepted,friend,2,adult,4
Achini Senanayake,achini.senanayake1@gmail.com,722866934,Bride's Colleagues,,Accepted,colleague,2,adult,0
Chamath de Zoysa,chamath.dezoysa@yahoo.com,719778944,Bride's Colleagues,Vegetarian meal,Accepted,colleague,2,adult,0
Poornima Perera,poornima.perera@outlook.com,769838222,Bride's Family,,Accepted,family,4,adult,2
Kavinda Gunasekara,kavinda.gunasekara@hotmail.com,708800748,Bride's Family,Bringing +1,Accepted,family,4,adult,2
Deshani Rathnayake,deshani.rathnayake@hotmail.com,782810117,Bride's Family,Traveling from Kandy,Accepted,family,4,adult,2
Nadeeka Mendis,nadeeka.mendis@gmail.com,729131281,Other,Vegan meal,Accepted,other,1,adult,3
Chanaka de Zoysa,chanaka.dezoysa@gmail.com,705150551,Neighbours,Confirmed via WhatsApp,Accepted,other,1,adult,3
Tharindu Perera,tharindu.perera@hotmail.com,776904121,Groom's Colleagues,Needs wheelchair access,Accepted,colleague,2,adult,0
Hansika Dissanayake,hansika.dissanayake@yahoo.com,727590872,Bride's Friends,Traveling from Kandy,Accepted,friend,2,adult,4
Poornima Herath,poornima.herath@yahoo.com,755032585,Other,Bringing 2 children,Accepted,other,1,child,3
Tharushi Wijesinghe,tharushi.wijesinghe@yahoo.com,713324928,Other,Allergic to peanuts,Accepted,other,1,adult,3
Nadeesha Gunasekara,nadeesha.gunasekara@yahoo.com,753435253,Other,Requires seat near stage,Accepted,other,1,adult,3
Suresh Wijeratne,suresh.wijeratne@gmail.com,716328403,Bride's Friends,Requires seat near stage,Accepted,friend,2,adult,4
Chamodi Abeysekara,chamodi.abeysekara@hotmail.com,755593537,Bride's Friends,,Accepted,friend,2,adult,4
Kasun Samarasinghe,kasun.samarasinghe@hotmail.com,764874049,Other,,Accepted,other,1,adult,3
Asela Samarasinghe,asela.samarasinghe@outlook.com,719427608,Other,Elderly guest,Accepted,other,1,senior,3
Nadeeka Kumarasinghe,nadeeka.kumarasinghe@outlook.com,713747879,Groom's Friends,Traveling from Jaffna,Accepted,friend,2,adult,4
Nimasha Bandara,nimasha.bandara@outlook.com,714402982,Groom's Friends,Part of Poruwa ceremony party,Accepted,friend,2,adult,4
Vidusha Gunasekara,vidusha.gunasekara@hotmail.com,788676330,Groom's Friends,,Accepted,friend,2,adult,4
Achini Karunaratne,achini.karunaratne@hotmail.com,759995261,Neighbours,,Accepted,other,1,adult,3
Sanduni Wijesinghe,sanduni.wijesinghe@gmail.com,719702386,Neighbours,,Accepted,other,1,adult,3
Amaya Samarasinghe,amaya.samarasinghe@gmail.com,715885179,VIP,Bringing 2 children,Accepted,vip,5,child,1
Nadeesha Wijesinghe,nadeesha.wijesinghe@yahoo.com,755939543,Other,No pork,Accepted,other,1,adult,3
Sanduni Jayawardena,sanduni.jayawardena@outlook.com,709399643,Groom's Family,Late arrival expected,Accepted,family,4,adult,2
Shanika de Zoysa,shanika.dezoysa@yahoo.com,757938373,Groom's Colleagues,Vegan meal,Accepted,colleague,2,adult,0
Thilina Gunasekara,thilina.gunasekara@yahoo.com,752512963,Bride's Colleagues,Vegan meal,Accepted,colleague,2,adult,0
Chathurika Silva,chathurika.silva@gmail.com,778539654,Groom's Colleagues,Traveling from Kandy,Accepted,colleague,2,adult,0
Amaya Herath,amaya.herath@yahoo.com,757385526,Bride's Family,Requires seat near stage,Accepted,family,4,adult,2
Poornima Wickramasinghe,poornima.wickramasinghe@yahoo.com,783426109,Bride's Friends,,Accepted,friend,2,adult,4
Chathura Wijeratne,chathura.wijeratne@outlook.com,724031576,Groom's Family,Allergic to peanuts,Accepted,family,4,adult,2
Harsha Bandara,harsha.bandara@gmail.com,759348805,VIP,,Accepted,vip,5,adult,1
Vidusha Dissanayake,vidusha.dissanayake@yahoo.com,768981122,VIP,,Accepted,vip,5,adult,1
Nimasha Dissanayake,nimasha.dissanayake@hotmail.com,764483580,Bride's Family,,Accepted,family,4,adult,2
Sachini Wickramasinghe,sachini.wickramasinghe@gmail.com,776007018,Groom's Colleagues,,Accepted,colleague,2,adult,0
Tharindu Gunawardena,tharindu.gunawardena@hotmail.com,763976601,VIP,Elderly guest,Accepted,vip,5,senior,1
Dilini Senanayake,dilini.senanayake@outlook.com,713047210,Bride's Colleagues,Traveling from Jaffna,Accepted,colleague,2,adult,0
Shanika Rajapaksha,shanika.rajapaksha@gmail.com,709874251,Groom's Family,Bringing 2 children,Accepted,family,4,child,2
Yohan Weerasinghe,yohan.weerasinghe@hotmail.com,766936673,Bride's Friends,Confirmed via WhatsApp,Accepted,friend,2,adult,4
Kaveesha Kumarasinghe,kaveesha.kumarasinghe@outlook.com,784018342,Other,Bringing 2 children,Accepted,other,1,child,3
Nimasha Jayasuriya,nimasha.jayasuriya@gmail.com,752978465,Groom's Friends,Traveling from Jaffna,Accepted,friend,2,adult,4
Sanjeewa Ranasinghe,sanjeewa.ranasinghe@yahoo.com,704375360,Bride's Colleagues,,Accepted,colleague,2,adult,0
Buddhika de Zoysa,buddhika.dezoysa@hotmail.com,781102865,Groom's Family,Requires seat near stage,Accepted,family,4,adult,2
Amila Herath,amila.herath@gmail.com,783946567,Groom's Friends,Requires seat near stage,Accepted,friend,2,adult,4
Vidusha Kumarasinghe,vidusha.kumarasinghe@gmail.com,773277572,VIP,Part of Poruwa ceremony party,Accepted,vip,5,adult,1
Iresha Weerasinghe,iresha.weerasinghe@outlook.com,787944979,Bride's Family,Bringing 2 children,Accepted,family,4,child,2
Poornima Weerasinghe,poornima.weerasinghe@gmail.com,716565326,Groom's Colleagues,Vegetarian meal,Accepted,colleague,2,adult,0
Kasun Weerasinghe,kasun.weerasinghe@outlook.com,779963616,Bride's Friends,Traveling from Kandy,Accepted,friend,2,adult,4
Dilshan Samarasinghe,dilshan.samarasinghe@hotmail.com,776276424,Bride's Family,,Accepted,family,4,adult,2
Lahiru Ranasinghe,lahiru.ranasinghe@outlook.com,786077267,Groom's Friends,Vegan meal,Accepted,friend,2,adult,4
Kavinda Fernando,kavinda.fernando@yahoo.com,708445293,Neighbours,Confirmed via WhatsApp,Accepted,other,1,adult,3
Ishara Rajapaksha,ishara.rajapaksha@hotmail.com,759785019,Bride's Colleagues,Vegetarian meal,Accepted,colleague,2,adult,0
Chathurika Mendis,chathurika.mendis@yahoo.com,711613249,VIP,No pork,Accepted,vip,5,adult,1
Chathura Fernando,chathura.fernando@gmail.com,728832877,Bride's Family,Bringing 2 children,Accepted,family,4,child,2
Harsha Senanayake,harsha.senanayake@yahoo.com,724364763,Groom's Friends,Halal meal required,Accepted,friend,2,adult,4
Chanaka Rathnayake,chanaka.rathnayake@gmail.com,723505186,Bride's Friends,,Accepted,friend,2,adult,4
Iresha Mendis,iresha.mendis@gmail.com,716877363,Neighbours,Vegetarian meal,Accepted,other,1,adult,3
Thanuja Senanayake,thanuja.senanayake@yahoo.com,712195257,Bride's Colleagues,Requires seat near stage,Accepted,colleague,2,adult,0
Sachini Wickramasinghe,sachini.wickramasinghe1@gmail.com,751846511,Groom's Family,,Accepted,family,4,adult,2
Tharindu Gunasekara,tharindu.gunasekara@outlook.com,766966385,Bride's Colleagues,Allergic to peanuts,Accepted,colleague,2,adult,0
Poornima de Zoysa,poornima.dezoysa@gmail.com,788813071,Other,Part of Poruwa ceremony party,Accepted,other,1,adult,3
Chathura Rathnayake,chathura.rathnayake@outlook.com,754887183,Groom's Friends,Bringing +1,Accepted,friend,2,adult,4
Rashmi Gunawardena,rashmi.gunawardena@hotmail.com,786448586,VIP,,Accepted,vip,5,adult,1
Prasad Kumarasinghe,prasad.kumarasinghe@outlook.com,783865574,Bride's Colleagues,Late arrival expected,Accepted,colleague,2,adult,0
Dilshan Karunaratne,dilshan.karunaratne@gmail.com,722189907,Bride's Colleagues,Traveling from Kandy,Accepted,colleague,2,adult,0
Anjali Herath,anjali.herath@yahoo.com,763667917,VIP,Requires seat near stage,Accepted,vip,5,adult,1
Asela Amarasinghe,asela.amarasinghe@outlook.com,788304023,Other,Halal meal required,Accepted,other,1,adult,3
Piumi Rathnayake,piumi.rathnayake@gmail.com,779164301,Groom's Family,Part of Poruwa ceremony party,Accepted,family,4,adult,2
Dilshan Wijesinghe,dilshan.wijesinghe@yahoo.com,727808088,Groom's Family,Traveling from Kandy,Accepted,family,4,adult,2
Roshan Rathnayake,roshan.rathnayake@gmail.com,704650919,Bride's Friends,,Accepted,friend,2,adult,4
Dinesh Weerasinghe,dinesh.weerasinghe@hotmail.com,766109503,Relatives,Elderly guest,Accepted,family,3,senior,2
Nayana Perera,nayana.perera@outlook.com,783140029,Bride's Colleagues,Halal meal required,Accepted,colleague,2,adult,0
Nimasha Gunasekara,nimasha.gunasekara@hotmail.com,705734685,Bride's Family,Late arrival expected,Accepted,family,4,adult,2
Sanjeewa Gunasekara,sanjeewa.gunasekara@outlook.com,757401599,Relatives,Vegan meal,Accepted,family,3,adult,2
Sampath de Zoysa,sampath.dezoysa@outlook.com,787044627,Relatives,Vegetarian meal,Accepted,family,3,adult,2
Chamara Jayawardena,chamara.jayawardena@gmail.com,719165493,Relatives,Vegetarian meal,Accepted,family,3,adult,2
Roshan Abeysekara,roshan.abeysekara@outlook.com,788142130,Other,No pork,Accepted,other,1,adult,3
Nipun Wijesinghe,nipun.wijesinghe@outlook.com,724787304,Bride's Friends,,Accepted,friend,2,adult,4
Gimhani Wijeratne,gimhani.wijeratne@yahoo.com,779417612,Bride's Colleagues,Halal meal required,Accepted,colleague,2,adult,0
Sachini Fernando,sachini.fernando@outlook.com,777183722,Groom's Family,,Accepted,family,4,adult,2
Chamath Mendis,chamath.mendis@hotmail.com,759672974,Groom's Family,,Accepted,family,4,adult,2
Roshan Wijeratne,roshan.wijeratne@gmail.com,776242875,Other,Requires seat near stage,Accepted,other,1,adult,3
Nimasha Kumarasinghe,nimasha.kumarasinghe@outlook.com,768872413,Other,Traveling from Jaffna,Accepted,other,1,adult,3
Kavinda Senanayake,kavinda.senanayake@hotmail.com,711592675,Other,Late arrival expected,Accepted,other,1,adult,3
Roshan Kumarasinghe,roshan.kumarasinghe@yahoo.com,761866037,Bride's Colleagues,,Accepted,colleague,2,adult,0
Chamara Wickramasinghe,chamara.wickramasinghe@gmail.com,785661529,Bride's Colleagues,Bringing +1,Accepted,colleague,2,adult,0
Isuru Perera,isuru.perera@gmail.com,763929534,Other,Part of Poruwa ceremony party,Accepted,other,1,adult,3
Tharindu Bandara,tharindu.bandara@yahoo.com,754033474,Neighbours,Requires seat near stage,Accepted,other,1,adult,3
Yasodha Jayawardena,yasodha.jayawardena@yahoo.com,716789409,Bride's Family,,Accepted,family,4,adult,2
Ruwan Mendis,ruwan.mendis@outlook.com,705845129,VIP,Requires seat near stage,Accepted,vip,5,adult,1
Isuru Jayasuriya,isuru.jayasuriya@hotmail.com,777562471,VIP,Needs wheelchair access,Accepted,vip,5,adult,1
Nayana Samarasinghe,nayana.samarasinghe@yahoo.com,766660743,Bride's Friends,,Accepted,friend,2,adult,4
Achini Silva,achini.silva@gmail.com,752639113,Neighbours,Part of Poruwa ceremony party,Accepted,other,1,adult,3
Chamath Senanayake,chamath.senanayake@hotmail.com,711571126,Bride's Family,,Accepted,family,4,adult,2
Poornima Rajapaksha,poornima.rajapaksha@gmail.com,773012881,Groom's Family,Vegetarian meal,Accepted,family,4,adult,2
Harsha Jayawardena,harsha.jayawardena@yahoo.com,704091420,Bride's Colleagues,,Accepted,colleague,2,adult,0
Deshani Bandara,deshani.bandara@outlook.com,776425820,Bride's Colleagues,,Accepted,colleague,2,adult,0
Nuwan Karunaratne,nuwan.karunaratne@outlook.com,722007616,Bride's Colleagues,Bringing +1,Accepted,colleague,2,adult,0
Chamara Kumarasinghe,chamara.kumarasinghe@yahoo.com,767587312,Bride's Friends,,Accepted,friend,2,adult,4
Harsha Abeysekara,harsha.abeysekara@yahoo.com,762782574,VIP,,Accepted,vip,5,adult,1
Chamara Amarasinghe,chamara.amarasinghe@hotmail.com,788480659,Bride's Family,Vegetarian meal,Accepted,family,4,adult,2
Nimasha Fernando,nimasha.fernando@outlook.com,723543551,Groom's Colleagues,Late arrival expected,Accepted,colleague,2,adult,0
Nimasha Karunaratne,nimasha.karunaratne@outlook.com,709980912,Groom's Colleagues,Bringing 2 children,Accepted,colleague,2,child,0
Roshan Jayawardena,roshan.jayawardena@gmail.com,729969540,Groom's Colleagues,Part of Poruwa ceremony party,Accepted,colleague,2,adult,0
Sithara Jayasuriya,sithara.jayasuriya@hotmail.com,752423756,VIP,Vegetarian meal,Accepted,vip,5,adult,1
Kasun Wijeratne,kasun.wijeratne@yahoo.com,757522436,Groom's Family,Bringing 2 children,Accepted,family,4,child,2
Nipun Wijesinghe,nipun.wijesinghe@gmail.com,706692259,Bride's Family,,Accepted,family,4,adult,2
Sampath Jayawardena,sampath.jayawardena@outlook.com,773499027,Other,,Accepted,other,1,adult,3
Ruwan Kumarasinghe,ruwan.kumarasinghe@gmail.com,751768424,Groom's Friends,Vegetarian meal,Accepted,friend,2,adult,4
Roshan Fernando,roshan.fernando@hotmail.com,782632292,VIP,Late arrival expected,Accepted,vip,5,adult,1
Nipun Jayasuriya,nipun.jayasuriya@gmail.com,754700592,Groom's Family,Traveling from Jaffna,Accepted,family,4,adult,2
Nipun Wijeratne,nipun.wijeratne@outlook.com,723026728,Other,Requires seat near stage,Accepted,other,1,adult,3
Thanuja Rajapaksha,thanuja.rajapaksha@gmail.com,763909968,Groom's Colleagues,Bringing +1,Accepted,colleague,2,adult,0
Ravindu Gunawardena,ravindu.gunawardena@hotmail.com,763768343,VIP,Late arrival expected,Accepted,vip,5,adult,1
Dilshan Jayawardena,dilshan.jayawardena@outlook.com,783646667,Bride's Family,,Accepted,family,4,adult,2
Tharindu Silva,tharindu.silva@hotmail.com,758986164,Bride's Friends,Bringing +1,Accepted,friend,2,adult,4
Chamodi Dissanayake,chamodi.dissanayake@yahoo.com,761631179,Other,Confirmed via WhatsApp,Accepted,other,1,adult,3
Dilini Jayawardena,dilini.jayawardena@hotmail.com,728026061,Bride's Family,Allergic to peanuts,Accepted,family,4,adult,2
Buddhika Jayasuriya,buddhika.jayasuriya@hotmail.com,789515120,Groom's Friends,Allergic to peanuts,Accepted,friend,2,adult,4
Sampath Jayasuriya,sampath.jayasuriya@yahoo.com,778959326,VIP,,Accepted,vip,5,adult,1
Prasad Senanayake,prasad.senanayake@yahoo.com,755217486,Groom's Colleagues,Part of Poruwa ceremony party,Accepted,colleague,2,adult,0
Chamath Fernando,chamath.fernando@yahoo.com,711487633,VIP,,Accepted,vip,5,adult,1
Yasodha Wijesinghe,yasodha.wijesinghe@hotmail.com,754334495,Groom's Colleagues,,Accepted,colleague,2,adult,0
Malith Fernando,malith.fernando@outlook.com,714626649,Other,Traveling from Kandy,Accepted,other,1,adult,3
Chanaka Wijeratne,chanaka.wijeratne@yahoo.com,777016144,Bride's Colleagues,Vegetarian meal,Accepted,colleague,2,adult,0
Amila Fernando,amila.fernando@hotmail.com,712864104,VIP,Vegan meal,Accepted,vip,5,adult,1
Anjali Senanayake,anjali.senanayake@yahoo.com,783851044,Other,Needs wheelchair access,Accepted,other,1,adult,3
Yohan Mendis,yohan.mendis@outlook.com,784631304,Other,Part of Poruwa ceremony party,Accepted,other,1,adult,3
Deshani Amarasinghe,deshani.amarasinghe@gmail.com,751741958,Bride's Family,No pork,Accepted,family,4,adult,2
Buddhika Karunaratne,buddhika.karunaratne@outlook.com,782644153,VIP,,Accepted,vip,5,adult,1
Nimasha Gunasekara,nimasha.gunasekara@outlook.com,713226537,Groom's Colleagues,,Accepted,colleague,2,adult,0
Dinesh Senanayake,dinesh.senanayake@yahoo.com,778705487,Other,,Accepted,other,1,adult,3
Sanduni Samarasinghe,sanduni.samarasinghe@yahoo.com,787800818,Bride's Friends,Elderly guest,Accepted,friend,2,senior,4
Nadeesha Abeysekara,nadeesha.abeysekara@hotmail.com,774475340,Groom's Family,Requires seat near stage,Accepted,family,4,adult,2
Tharindu Jayawardena,tharindu.jayawardena@gmail.com,764434507,Bride's Friends,Needs wheelchair access,Accepted,friend,2,adult,4
Kaveesha Kumarasinghe,kaveesha.kumarasinghe@yahoo.com,784782209,Groom's Colleagues,Bringing +1,Accepted,colleague,2,adult,0
Chamodi Bandara,chamodi.bandara@gmail.com,707254777,Groom's Colleagues,No pork,Accepted,colleague,2,adult,0
Chathurika Kumarasinghe,chathurika.kumarasinghe@hotmail.com,757176462,Groom's Family,Part of Poruwa ceremony party,Accepted,family,4,adult,2
Nadeeka Gunawardena,nadeeka.gunawardena@hotmail.com,702834838,Bride's Friends,Vegetarian meal,Accepted,friend,2,adult,4
Yohan Rajapaksha,yohan.rajapaksha@gmail.com,727988325,Neighbours,Confirmed via WhatsApp,Accepted,other,1,adult,3
Chanaka Wijeratne,chanaka.wijeratne@gmail.com,724171911,Groom's Family,Needs wheelchair access,Accepted,family,4,adult,2
Amaya Jayawardena,amaya.jayawardena@hotmail.com,756751103,Groom's Colleagues,No pork,Accepted,colleague,2,adult,0
Sanduni Wijesinghe,sanduni.wijesinghe@hotmail.com,763213824,Bride's Colleagues,Bringing +1,Accepted,colleague,2,adult,0
Prasad Senanayake,prasad.senanayake@gmail.com,716924385,Bride's Colleagues,Vegan meal,Accepted,colleague,2,adult,0
Piumi Gunasekara,piumi.gunasekara@hotmail.com,713942041,Bride's Friends,,Accepted,friend,2,adult,4
Sanjeewa Amarasinghe,sanjeewa.amarasinghe@yahoo.com,755368907,Groom's Colleagues,Halal meal required,Accepted,colleague,2,adult,0
Poornima Weerasinghe,poornima.weerasinghe@hotmail.com,717256474,VIP,Vegan meal,Accepted,vip,5,adult,1
Chathurika Perera,chathurika.perera@outlook.com,753439136,VIP,Vegetarian meal,Accepted,vip,5,adult,1
Chamath de Zoysa,chamath.dezoysa@hotmail.com,775958621,VIP,Late arrival expected,Accepted,vip,5,adult,1
Thanuja Amarasinghe,thanuja.amarasinghe@outlook.com,722884343,VIP,Vegetarian meal,Accepted,vip,5,adult,1
Chathurika Senanayake,chathurika.senanayake@gmail.com,754697107,VIP,Requires seat near stage,Accepted,vip,5,adult,1
Roshan Rajapaksha,roshan.rajapaksha@yahoo.com,785662844,Groom's Friends,Halal meal required,Accepted,friend,2,adult,4
Poornima Rathnayake,poornima.rathnayake@gmail.com,767617330,Groom's Friends,No pork,Accepted,friend,2,adult,4
Prasad Ranasinghe,prasad.ranasinghe@hotmail.com,752469661,Groom's Friends,Part of Poruwa ceremony party,Accepted,friend,2,adult,4
Ishara Rajapaksha,ishara.rajapaksha1@hotmail.com,759813089,Groom's Colleagues,Late arrival expected,Accepted,colleague,2,adult,0
Menaka Wickramasinghe,menaka.wickramasinghe@yahoo.com,717405029,Bride's Colleagues,,Accepted,colleague,2,adult,0
Nadeesha Amarasinghe,nadeesha.amarasinghe@hotmail.com,758775431,Groom's Friends,,Accepted,friend,2,adult,4
Harsha Bandara,harsha.bandara@outlook.com,707069317,Other,Traveling from Jaffna,Accepted,other,1,adult,3
Isuru Gunawardena,isuru.gunawardena@gmail.com,716363359,VIP,Vegetarian meal,Accepted,vip,5,adult,1
Nuwan Bandara,nuwan.bandara@hotmail.com,756972425,Bride's Family,No pork,Accepted,family,4,adult,2
Dilini Mendis,dilini.mendis@yahoo.com,784074382,Groom's Family,Vegan meal,Accepted,family,4,adult,2
Gimhani Weerasinghe,gimhani.weerasinghe@hotmail.com,727082121,Groom's Family,Elderly guest,Accepted,family,4,senior,2
Ruwan Mendis,ruwan.mendis@yahoo.com,784161109,Neighbours,No pork,Accepted,other,1,adult,3
Shanika de Zoysa,shanika.dezoysa@gmail.com,758725762,Groom's Family,Vegetarian meal,Accepted,family,4,adult,2
Vidusha Ranasinghe,vidusha.ranasinghe@hotmail.com,777082891,Bride's Friends,No pork,Accepted,friend,2,adult,4
Tharushi Gunawardena,tharushi.gunawardena@hotmail.com,702989725,Groom's Friends,Vegetarian meal,Accepted,friend,2,adult,4
Harsha Kumarasinghe,harsha.kumarasinghe@outlook.com,704294223,Groom's Family,No pork,Accepted,family,4,adult,2
Vidusha Jayasuriya,vidusha.jayasuriya@hotmail.com,702111446,Bride's Colleagues,,Accepted,colleague,2,adult,0
Deshani Herath,deshani.herath@yahoo.com,764355853,Bride's Friends,,Accepted,friend,2,adult,4
Piumi Samarasinghe,piumi.samarasinghe@gmail.com,772655671,Groom's Friends,Confirmed via WhatsApp,Accepted,friend,2,adult,4
Amila Gunawardena,amila.gunawardena@outlook.com,772800606,Bride's Friends,Traveling from Kandy,Accepted,friend,2,adult,4
Buddhika Dissanayake,buddhika.dissanayake@outlook.com,706272748,Groom's Family,No pork,Accepted,family,4,adult,2
Harsha Ranasinghe,harsha.ranasinghe@hotmail.com,761681298,Groom's Family,,Accepted,family,4,adult,2
Chanaka Herath,chanaka.herath@hotmail.com,778448343,Groom's Friends,Bringing 2 children,Accepted,friend,2,child,4
Amaya Bandara,amaya.bandara@yahoo.com,788627505,Groom's Family,Confirmed via WhatsApp,Accepted,family,4,adult,2
Roshan Wickramasinghe,roshan.wickramasinghe@gmail.com,701886716,Groom's Family,,Accepted,family,4,adult,2
Rashmi Herath,rashmi.herath@hotmail.com,716079345,Other,,Accepted,other,1,adult,3
Amaya Samarasinghe,amaya.samarasinghe@outlook.com,788818548,Groom's Friends,Confirmed via WhatsApp,Accepted,friend,2,adult,4
Isuru de Zoysa,isuru.dezoysa@hotmail.com,781296459,Bride's Family,,Accepted,family,4,adult,2
Sanjeewa Karunaratne,sanjeewa.karunaratne@outlook.com,751603663,Bride's Family,Bringing 2 children,Accepted,family,4,child,2
Prasad Abeysekara,prasad.abeysekara@hotmail.com,705097480,Groom's Friends,Bringing 2 children,Accepted,friend,2,child,4
Deshani Gunasekara,deshani.gunasekara@gmail.com,786115582,Groom's Family,,Accepted,family,4,adult,2
Tharushi Karunaratne,tharushi.karunaratne@outlook.com,722639564,VIP,Allergic to peanuts,Accepted,vip,5,adult,1
Yohan Silva,yohan.silva@yahoo.com,725448564,Bride's Family,Late arrival expected,Accepted,family,4,adult,2
Lahiru Herath,lahiru.herath@gmail.com,772589366,Other,,Accepted,other,1,adult,3
Amaya Kumarasinghe,amaya.kumarasinghe@outlook.com,716827003,Groom's Family,Bringing 2 children,Accepted,family,4,child,2
Harsha de Zoysa,harsha.dezoysa@yahoo.com,709660803,Bride's Friends,Allergic to peanuts,Accepted,friend,2,adult,4
Achini Wijeratne,achini.wijeratne@outlook.com,729937547,Other,Traveling from Jaffna,Accepted,other,1,adult,3
Gimhani Abeysekara,gimhani.abeysekara@hotmail.com,785815809,Bride's Friends,Needs wheelchair access,Accepted,friend,2,adult,4
Dilshan Wickramasinghe,dilshan.wickramasinghe@yahoo.com,705120259,Bride's Colleagues,Halal meal required,Accepted,colleague,2,adult,0
Chamodi Jayawardena,chamodi.jayawardena@gmail.com,713673591,Bride's Colleagues,Bringing +1,Accepted,colleague,2,adult,0
Hansika Rathnayake,hansika.rathnayake@yahoo.com,771708541,VIP,,Accepted,vip,5,adult,1
Nipun Wijeratne,nipun.wijeratne@yahoo.com,712877913,Other,,Accepted,other,1,adult,3
Achini Amarasinghe,achini.amarasinghe@hotmail.com,752514123,Groom's Friends,Requires seat near stage,Accepted,friend,2,adult,4
Isuru Wijesinghe,isuru.wijesinghe@outlook.com,721938272,VIP,,Accepted,vip,5,adult,1
Nimasha Jayawardena,nimasha.jayawardena@gmail.com,781917249,Groom's Friends,Traveling from Kandy,Accepted,friend,2,adult,4
Asela Ranasinghe,asela.ranasinghe@gmail.com,764965830,VIP,Traveling from Kandy,Accepted,vip,5,adult,1
Deshani Bandara,deshani.bandara@hotmail.com,704950370,Bride's Colleagues,Vegan meal,Accepted,colleague,2,adult,0
Kaveesha Weerasinghe,kaveesha.weerasinghe@outlook.com,781568440,Bride's Colleagues,Confirmed via WhatsApp,Accepted,colleague,2,adult,0
Ravindu Weerasinghe,ravindu.weerasinghe@outlook.com,782684358,Bride's Friends,No pork,Accepted,friend,2,adult,4
Ravindu Herath,ravindu.herath@hotmail.com,751458871,Bride's Family,Vegan meal,Accepted,family,4,adult,2
Thanuja Jayawardena,thanuja.jayawardena@yahoo.com,707721990,Groom's Friends,Requires seat near stage,Accepted,friend,2,adult,4
Chathurika Gunawardena,chathurika.gunawardena@yahoo.com,763182597,Other,Requires seat near stage,Accepted,other,1,adult,3
Yohan Wijeratne,yohan.wijeratne@yahoo.com,723910495,Other,Bringing 2 children,Accepted,other,1,child,3
Ravindu Ranasinghe,ravindu.ranasinghe@yahoo.com,757330379,Other,,Accepted,other,1,adult,3
Kaveesha Herath,kaveesha.herath@yahoo.com,708758202,Groom's Friends,Vegan meal,Accepted,friend,2,adult,4
Asela Mendis,asela.mendis@outlook.com,788611954,VIP,Allergic to peanuts,Accepted,vip,5,adult,1
Isuru Dissanayake,isuru.dissanayake@outlook.com,717201492,Other,Part of Poruwa ceremony party,Accepted,other,1,adult,3
Malith Wickramasinghe,malith.wickramasinghe@hotmail.com,777669861,Groom's Friends,Traveling from Jaffna,Accepted,friend,2,adult,4
Hansika Silva,hansika.silva@gmail.com,761985700,Bride's Family,Needs wheelchair access,Accepted,family,4,adult,2
Prasad Herath,prasad.herath@gmail.com,705255656,Neighbours,Bringing 2 children,Accepted,other,1,child,3
Poornima Ranasinghe,poornima.ranasinghe@yahoo.com,761689962,Other,Vegan meal,Accepted,other,1,adult,3
Dilshan Weerasinghe,dilshan.weerasinghe@gmail.com,719375364,Bride's Colleagues,Traveling from Jaffna,Accepted,colleague,2,adult,0
Vidusha Samarasinghe,vidusha.samarasinghe@yahoo.com,768381800,Bride's Family,,Accepted,family,4,adult,2
Prasad Gunasekara,prasad.gunasekara@outlook.com,759270975,Groom's Family,Vegetarian meal,Accepted,family,4,adult,2
Chamara Rajapaksha,chamara.rajapaksha@hotmail.com,713823521,Neighbours,Late arrival expected,Accepted,other,1,adult,3
Poornima Jayasuriya,poornima.jayasuriya@hotmail.com,705769447,Groom's Family,Late arrival expected,Accepted,family,4,adult,2
Chathurika Weerasinghe,chathurika.weerasinghe@yahoo.com,702360015,VIP,Confirmed via WhatsApp,Accepted,vip,5,adult,1
Isuru Herath,isuru.herath@gmail.com,721735630,Other,Requires seat near stage,Accepted,other,1,adult,3
Yasodha Amarasinghe,yasodha.amarasinghe@yahoo.com,711816752,Bride's Colleagues,,Accepted,colleague,2,adult,0
Iresha Herath,iresha.herath@outlook.com,707691735,Bride's Colleagues,Traveling from Kandy,Accepted,colleague,2,adult,0
Yohan Rajapaksha,yohan.rajapaksha@yahoo.com,757751088,Bride's Colleagues,Vegetarian meal,Accepted,colleague,2,adult,0
Vidusha Wijesinghe,vidusha.wijesinghe@outlook.com,755504336,Other,,Accepted,other,1,adult,3
Thanuja Ranasinghe,thanuja.ranasinghe@yahoo.com,758147380,Groom's Family,Requires seat near stage,Accepted,family,4,adult,2
Poornima Dissanayake,poornima.dissanayake@yahoo.com,759846268,Neighbours,Part of Poruwa ceremony party,Accepted,other,1,adult,3
Gayan Kumarasinghe,gayan.kumarasinghe@hotmail.com,713143956,Bride's Colleagues,No pork,Accepted,colleague,2,adult,0
Amila Fernando,amila.fernando@gmail.com,709613666,Groom's Family,Traveling from Jaffna,Accepted,family,4,adult,2
Dinesh Wijeratne,dinesh.wijeratne@hotmail.com,725275844,Other,No pork,Accepted,other,1,adult,3
Nadeesha Weerasinghe,nadeesha.weerasinghe@outlook.com,788548873,Other,Requires seat near stage,Accepted,other,1,adult,3
Gimhani Gunawardena,gimhani.gunawardena@yahoo.com,712312322,Other,,Accepted,other,1,adult,3
Kasun Perera,kasun.perera@outlook.com,701223214,Bride's Friends,Part of Poruwa ceremony party,Accepted,friend,2,adult,4
Kasun Rajapaksha,kasun.rajapaksha@gmail.com,781266510,Groom's Friends,Allergic to peanuts,Accepted,friend,2,adult,4
Ruwan Jayawardena,ruwan.jayawardena@yahoo.com,754203013,Groom's Family,Part of Poruwa ceremony party,Accepted,family,4,adult,2
Ravindu Perera,ravindu.perera@gmail.com,713557220,VIP,Confirmed via WhatsApp,Accepted,vip,5,adult,1
Chanaka Amarasinghe,chanaka.amarasinghe@yahoo.com,715946450,Other,Traveling from Kandy,Accepted,other,1,adult,3
Kasun Jayasuriya,kasun.jayasuriya@outlook.com,759316519,Other,Halal meal required,Accepted,other,1,adult,3
Sachini Kumarasinghe,sachini.kumarasinghe@outlook.com,759612679,Other,Confirmed via WhatsApp,Accepted,other,1,adult,3
Nuwan Mendis,nuwan.mendis@gmail.com,756299086,Neighbours,Traveling from Jaffna,Accepted,other,1,adult,3
Chathurika Kumarasinghe,chathurika.kumarasinghe1@hotmail.com,758318725,Bride's Family,Allergic to peanuts,Accepted,family,4,adult,2
Chanaka Dissanayake,chanaka.dissanayake@yahoo.com,766690043,Other,Part of Poruwa ceremony party,Accepted,other,1,adult,3
Chathura Wijeratne,chathura.wijeratne1@outlook.com,757044085,VIP,Vegan meal,Accepted,vip,5,adult,1
Nadeesha Gunasekara,nadeesha.gunasekara@gmail.com,779101545,Bride's Friends,Vegan meal,Accepted,friend,2,adult,4
Chathurika Abeysekara,chathurika.abeysekara@outlook.com,724937929,Groom's Friends,,Accepted,friend,2,adult,4
Isuru Ranasinghe,isuru.ranasinghe@yahoo.com,719446974,Bride's Family,Requires seat near stage,Accepted,family,4,adult,2
Janaka Dissanayake,janaka.dissanayake@gmail.com,764759700,VIP,Requires seat near stage,Accepted,vip,5,adult,1
Menaka Fernando,menaka.fernando@hotmail.com,719646766,Other,,Accepted,other,1,adult,3
Sanduni Wijesinghe,sanduni.wijesinghe1@gmail.com,702709062,Neighbours,,Accepted,other,1,adult,3
Dilshan Rajapaksha,dilshan.rajapaksha@hotmail.com,715901010,VIP,Confirmed via WhatsApp,Accepted,vip,5,adult,1
Chathurika Wickramasinghe,chathurika.wickramasinghe@hotmail.com,723311438,Groom's Family,Part of Poruwa ceremony party,Accepted,family,4,adult,2
Prasad Gunasekara,prasad.gunasekara1@outlook.com,725117989,Bride's Friends,No pork,Accepted,friend,2,adult,4
Lahiru Wickramasinghe,lahiru.wickramasinghe@outlook.com,757867070,VIP,No pork,Accepted,vip,5,adult,1
Madushani Perera,madushani.perera@outlook.com,711166911,Neighbours,,Accepted,other,1,adult,3
Sachini Jayawardena,sachini.jayawardena@hotmail.com,757744488,Neighbours,Requires seat near stage,Accepted,other,1,adult,3
Nimasha Bandara,nimasha.bandara@yahoo.com,777776956,VIP,Halal meal required,Accepted,vip,5,adult,1
Suresh Weerasinghe,suresh.weerasinghe@outlook.com,773114023,Neighbours,Bringing 2 children,Accepted,other,1,child,3
Buddhika de Zoysa,buddhika.dezoysa1@hotmail.com,766716146,Bride's Friends,Halal meal required,Accepted,friend,2,adult,4
Anjali Samarasinghe,anjali.samarasinghe@hotmail.com,778092498,Neighbours,,Accepted,other,1,adult,3
Hansika Jayawardena,hansika.jayawardena@hotmail.com,701800824,Groom's Family,Late arrival expected,Accepted,family,4,adult,2
Sanduni Weerasinghe,sanduni.weerasinghe@yahoo.com,789947098,Other,Bringing 2 children,Accepted,other,1,child,3
Kavinda Gunasekara,kavinda.gunasekara@yahoo.com,777336179,Neighbours,,Accepted,other,1,adult,3
Amila Rajapaksha,amila.rajapaksha@hotmail.com,752643963,Bride's Friends,Traveling from Jaffna,Accepted,friend,2,adult,4
Nuwan Abeysekara,nuwan.abeysekara@yahoo.com,754603484,VIP,No pork,Accepted,vip,5,adult,1
Suresh Mendis,suresh.mendis@outlook.com,785424046,Other,Traveling from Jaffna,Accepted,other,1,adult,3
Shanika Kumarasinghe,shanika.kumarasinghe@outlook.com,783732048,Bride's Friends,Confirmed via WhatsApp,Accepted,friend,2,adult,4
Ishara Gunasekara,ishara.gunasekara@gmail.com,774567549,VIP,Vegan meal,Accepted,vip,5,adult,1
Chathurika Ranasinghe,chathurika.ranasinghe@hotmail.com,726087859,Bride's Colleagues,Vegetarian meal,Accepted,colleague,2,adult,0
Amila Abeysekara,amila.abeysekara@gmail.com,725756043,Groom's Friends,Confirmed via WhatsApp,Accepted,friend,2,adult,4
Sithara Weerasinghe,sithara.weerasinghe@outlook.com,753228175,Bride's Friends,Part of Poruwa ceremony party,Accepted,friend,2,adult,4
Poornima Wijesinghe,poornima.wijesinghe@yahoo.com,786456223,Groom's Family,Traveling from Jaffna,Accepted,family,4,adult,2
Thilina Karunaratne,thilina.karunaratne@hotmail.com,761768727,VIP,,Accepted,vip,5,adult,1
Shanika Perera,shanika.perera@hotmail.com,763076710,Neighbours,Halal meal required,Accepted,other,1,adult,3
Sachini Amarasinghe,sachini.amarasinghe@yahoo.com,788983198,Neighbours,,Accepted,other,1,adult,3
Iresha Gunawardena,iresha.gunawardena@gmail.com,724452834,Groom's Friends,Late arrival expected,Accepted,friend,2,adult,4
Kavinda de Zoysa,kavinda.dezoysa@hotmail.com,751754700,VIP,,Accepted,vip,5,adult,1
Dilshan de Zoysa,dilshan.dezoysa@yahoo.com,723416493,Bride's Friends,,Accepted,friend,2,adult,4
Ravindu Rathnayake,ravindu.rathnayake@yahoo.com,706457472,Bride's Friends,,Accepted,friend,2,adult,4
Dilshan Weerasinghe,dilshan.weerasinghe@yahoo.com,756439471,Bride's Colleagues,,Accepted,colleague,2,adult,0
Lahiru Samarasinghe,lahiru.samarasinghe@yahoo.com,759533248,Neighbours,,Accepted,other,1,adult,3
Sanjeewa Wijesinghe,sanjeewa.wijesinghe@outlook.com,709123050,Bride's Family,Needs wheelchair access,Accepted,family,4,adult,2
Nimasha Bandara,nimasha.bandara@gmail.com,713106737,Bride's Colleagues,Part of Poruwa ceremony party,Accepted,colleague,2,adult,0
Iresha Abeysekara,iresha.abeysekara@outlook.com,701016794,VIP,Bringing 2 children,Accepted,vip,5,child,1
Piumi Perera,piumi.perera@gmail.com,755585262,Other,Traveling from Kandy,Accepted,other,1,adult,3
Achini Jayawardena,achini.jayawardena@yahoo.com,769561890,Bride's Colleagues,Halal meal required,Accepted,colleague,2,adult,0
Nadeesha Silva,nadeesha.silva@outlook.com,773063211,Bride's Friends,Bringing +1,Accepted,friend,2,adult,4
Kavindi Herath,kavindi.herath@hotmail.com,776748465,Bride's Colleagues,Part of Poruwa ceremony party,Accepted,colleague,2,adult,0
Dinesh Weerasinghe,dinesh.weerasinghe1@hotmail.com,718714152,Other,Vegetarian meal,Accepted,other,1,adult,3
Nimasha Herath,nimasha.herath@outlook.com,701160702,Bride's Friends,Confirmed via WhatsApp,Accepted,friend,2,adult,4
Iresha Silva,iresha.silva@gmail.com,761519213,VIP,Elderly guest,Accepted,vip,5,senior,1
Rashmi Herath,rashmi.herath1@hotmail.com,753972698,Bride's Family,Elderly guest,Accepted,family,4,senior,2
Sanduni Perera,sanduni.perera@yahoo.com,771331881,Bride's Colleagues,Elderly guest,Accepted,colleague,2,senior,0
Nipun Herath,nipun.herath@hotmail.com,784710242,Groom's Friends,Elderly guest,Accepted,friend,2,senior,4
Vidusha Gunawardena,vidusha.gunawardena@yahoo.com,773944885,Groom's Family,,Accepted,family,4,adult,2
Gayan Amarasinghe,gayan.amarasinghe@yahoo.com,765602459,Groom's Friends,,Accepted,friend,2,adult,4
Shanika Rathnayake,shanika.rathnayake@hotmail.com,778615616,Bride's Family,,Accepted,family,4,adult,2
Tharushi Abeysekara,tharushi.abeysekara@outlook.com,723042084,Neighbours,Elderly guest,Accepted,other,1,senior,3
Sampath Weerasinghe,sampath.weerasinghe@gmail.com,761425670,Groom's Friends,Traveling from Jaffna,Accepted,friend,2,adult,4
Deshani Dissanayake,deshani.dissanayake@yahoo.com,716523472,Bride's Colleagues,,Accepted,colleague,2,adult,0
Ravindu Perera,ravindu.perera@hotmail.com,785201173,Groom's Friends,Needs wheelchair access,Accepted,friend,2,adult,4
Achini Fernando,achini.fernando@hotmail.com,764971899,Groom's Family,Part of Poruwa ceremony party,Accepted,family,4,adult,2
Kaveesha Wijesinghe,kaveesha.wijesinghe@gmail.com,702018157,Bride's Family,,Accepted,family,4,adult,2
Sachini Wijesinghe,sachini.wijesinghe@gmail.com,728245056,Groom's Family,,Accepted,family,4,adult,2
Nadeesha Karunaratne,nadeesha.karunaratne@outlook.com,707897247,Groom's Friends,,Accepted,friend,2,adult,4
Chanaka Abeysekara,chanaka.abeysekara@gmail.com,721435739,VIP,Late arrival expected,Accepted,vip,5,adult,1
Dilshan Perera,dilshan.perera@gmail.com,764248312,Other,No pork,Accepted,other,1,adult,3
Ravindu Kumarasinghe,ravindu.kumarasinghe@outlook.com,715079421,Bride's Friends,,Accepted,friend,2,adult,4
Amila Abeysekara,amila.abeysekara@hotmail.com,723443176,Bride's Friends,Requires seat near stage,Accepted,friend,2,adult,4
Kasun Mendis,kasun.mendis@yahoo.com,704982698,Neighbours,Halal meal required,Accepted,other,1,adult,3
Chamodi Ranasinghe,chamodi.ranasinghe@yahoo.com,714376603,Groom's Family,Confirmed via WhatsApp,Accepted,family,4,adult,2
Sanduni Herath,sanduni.herath@hotmail.com,786631448,Other,Requires seat near stage,Accepted,other,1,adult,3
Chanaka Fernando,chanaka.fernando@outlook.com,711062026,Groom's Friends,Part of Poruwa ceremony party,Accepted,friend,2,adult,4
Anjali Kumarasinghe,anjali.kumarasinghe@hotmail.com,787306753,Groom's Friends,,Accepted,friend,2,adult,4
Chamara Ranasinghe,chamara.ranasinghe@gmail.com,762932555,Bride's Friends,Allergic to peanuts,Accepted,friend,2,adult,4
Deshani Samarasinghe,deshani.samarasinghe@hotmail.com,701498041,Groom's Friends,Vegan meal,Accepted,friend,2,adult,4
Isuru Wijeratne,isuru.wijeratne@yahoo.com,725126595,Bride's Friends,Vegan meal,Accepted,friend,2,adult,4
Dulmini Abeysekara,dulmini.abeysekara@gmail.com,703423170,Bride's Friends,Allergic to peanuts,Accepted,friend,2,adult,4
Shanika Ranasinghe,shanika.ranasinghe@hotmail.com,768206488,Groom's Friends,Late arrival expected,Accepted,friend,2,adult,4
Suresh Senanayake,suresh.senanayake@yahoo.com,725146852,Bride's Family,Bringing +1,Accepted,family,4,adult,2
Gimhani Mendis,gimhani.mendis@outlook.com,712365794,VIP,,Accepted,vip,5,adult,1
Nadeeka Samarasinghe,nadeeka.samarasinghe@hotmail.com,759705569,VIP,Elderly guest,Accepted,vip,5,senior,1
Vidusha Gunasekara,vidusha.gunasekara@outlook.com,755501921,Other,Late arrival expected,Accepted,other,1,adult,3
Nayana Gunawardena,nayana.gunawardena@hotmail.com,722422018,Bride's Friends,Bringing 2 children,Accepted,friend,2,child,4
Prasad Dissanayake,prasad.dissanayake@gmail.com,759594331,Other,Part of Poruwa ceremony party,Accepted,other,1,adult,3
Roshan Silva,roshan.silva@hotmail.com,705941189,Neighbours,,Accepted,other,1,adult,3
Dinesh Weerasinghe,dinesh.weerasinghe2@hotmail.com,725604751,Groom's Friends,Vegetarian meal,Accepted,friend,2,adult,4
Menaka Gunasekara,menaka.gunasekara@hotmail.com,706024342,Bride's Colleagues,Traveling from Kandy,Accepted,colleague,2,adult,0
Achini Amarasinghe,achini.amarasinghe@gmail.com,759600788,Bride's Friends,Needs wheelchair access,Accepted,friend,2,adult,4
Chamath Rajapaksha,chamath.rajapaksha@outlook.com,719654113,Other,Part of Poruwa ceremony party,Accepted,other,1,adult,3
Chanaka de Zoysa,chanaka.dezoysa1@gmail.com,723331197,Other,Bringing 2 children,Accepted,other,1,child,3
Shanika de Zoysa,shanika.dezoysa@hotmail.com,721389899,Other,Vegetarian meal,Accepted,other,1,adult,3
Dilshan Weerasinghe,dilshan.weerasinghe@outlook.com,776111102,Groom's Family,Halal meal required,Accepted,family,4,adult,2
Nipun Gunasekara,nipun.gunasekara@outlook.com,704132173,Groom's Friends,Traveling from Kandy,Accepted,friend,2,adult,4
Gayan Abeysekara,gayan.abeysekara@outlook.com,712857975,Bride's Friends,Confirmed via WhatsApp,Accepted,friend,2,adult,4
Rashmi Rajapaksha,rashmi.rajapaksha@yahoo.com,784450687,Bride's Colleagues,Confirmed via WhatsApp,Accepted,colleague,2,adult,0
Amila Senanayake,amila.senanayake@yahoo.com,768700011,Bride's Colleagues,Vegetarian meal,Accepted,colleague,2,adult,0
Nipun Karunaratne,nipun.karunaratne@yahoo.com,766517883,Other,Part of Poruwa ceremony party,Accepted,other,1,adult,3
Nipun Gunawardena,nipun.gunawardena@outlook.com,714012820,Other,Part of Poruwa ceremony party,Accepted,other,1,adult,3
Dinesh Gunawardena,dinesh.gunawardena@gmail.com,751732568,Groom's Friends,Vegan meal,Accepted,friend,2,adult,4
Roshan de Zoysa,roshan.dezoysa@hotmail.com,772119776,Groom's Friends,Traveling from Jaffna,Accepted,friend,2,adult,4
Iresha Jayasuriya,iresha.jayasuriya@hotmail.com,702765375,Neighbours,Requires seat near stage,Accepted,other,1,adult,3
Tharindu Bandara,tharindu.bandara1@yahoo.com,761748853,VIP,Part of Poruwa ceremony party,Accepted,vip,5,adult,1
Chamath Karunaratne,chamath.karunaratne@yahoo.com,751633753,Bride's Family,Vegetarian meal,Accepted,family,4,adult,2
Chamath Wijesinghe,chamath.wijesinghe@outlook.com,752144829,Groom's Family,Needs wheelchair access,Accepted,family,4,adult,2
Sanduni Wickramasinghe,sanduni.wickramasinghe@outlook.com,785683223,Bride's Friends,,Accepted,friend,2,adult,4
Piumi Senanayake,piumi.senanayake@gmail.com,767557366,Bride's Friends,,Accepted,friend,2,adult,4
Ishara Wijesinghe,ishara.wijesinghe@hotmail.com,714635160,Bride's Family,Halal meal required,Accepted,family,4,adult,2
Asela Fernando,asela.fernando@gmail.com,756172822,VIP,,Accepted,vip,5,adult,1
Nadeeka Samarasinghe,nadeeka.samarasinghe1@yahoo.com,717285495,Groom's Friends,,Accepted,friend,2,adult,4
Kasun Weerasinghe,kasun.weerasinghe@yahoo.com,772059841,Groom's Friends,,Accepted,friend,2,adult,4
Achini Rathnayake,achini.rathnayake@yahoo.com,773802587,Bride's Family,,Accepted,family,4,adult,2
Tharushi de Zoysa,tharushi.dezoysa@yahoo.com,764474885,Neighbours,Traveling from Jaffna,Accepted,other,1,adult,3
Sampath Jayasuriya,sampath.jayasuriya@hotmail.com,723912886,Bride's Family,Requires seat near stage,Accepted,family,4,adult,2
Sampath Wijesinghe,sampath.wijesinghe@yahoo.com,705671743,Other,,Accepted,other,1,adult,3
Chamodi Senanayake,chamodi.senanayake@outlook.com,709995633,Other,,Accepted,other,1,adult,3
Poornima Kumarasinghe,poornima.kumarasinghe@gmail.com,721296097,Other,Part of Poruwa ceremony party,Accepted,other,1,adult,3
Roshan Wijeratne,roshan.wijeratne@yahoo.com,761222997,Groom's Friends,,Accepted,friend,2,adult,4
Chamath Abeysekara,chamath.abeysekara1@yahoo.com,762331937,Bride's Family,Confirmed via WhatsApp,Accepted,family,4,adult,2
Ruwan Karunaratne,ruwan.karunaratne@yahoo.com,771635969,Groom's Friends,Part of Poruwa ceremony party,Accepted,friend,2,adult,4
Tharushi Wickramasinghe,tharushi.wickramasinghe@hotmail.com,721664503,Neighbours,Traveling from Jaffna,Accepted,other,1,adult,3
Gayan Rathnayake,gayan.rathnayake@yahoo.com,784731991,Other,No pork,Accepted,other,1,adult,3
Chanaka Jayawardena,chanaka.jayawardena@gmail.com,709248388,Groom's Family,,Accepted,family,4,adult,2
Ishara Rajapaksha,ishara.rajapaksha@yahoo.com,703913796,Other,Allergic to peanuts,Accepted,other,1,adult,3
Chamara Abeysekara,chamara.abeysekara@outlook.com,723754127,Groom's Friends,Vegan meal,Accepted,friend,2,adult,4
Nadeesha Senanayake,nadeesha.senanayake@outlook.com,774378948,Bride's Colleagues,Confirmed via WhatsApp,Accepted,colleague,2,adult,0
Prasad Karunaratne,prasad.karunaratne@outlook.com,718897261,VIP,Traveling from Jaffna,Accepted,vip,5,adult,1
Ishara de Zoysa,ishara.dezoysa@yahoo.com,727382895,VIP,Bringing 2 children,Accepted,vip,5,child,1
Janaka Kumarasinghe,janaka.kumarasinghe@gmail.com,723292713,VIP,Allergic to peanuts,Accepted,vip,5,adult,1
Chathura Jayawardena,chathura.jayawardena@gmail.com,751651407,Groom's Family,Late arrival expected,Accepted,family,4,adult,2
Harsha Abeysekara,harsha.abeysekara@hotmail.com,786848179,Neighbours,Elderly guest,Accepted,other,1,senior,3
Kaveesha Karunaratne,kaveesha.karunaratne@outlook.com,775140479,Groom's Friends,Elderly guest,Accepted,friend,2,senior,4
Poornima Perera,poornima.perera@yahoo.com,728641531,Bride's Friends,Late arrival expected,Accepted,friend,2,adult,4
Amila Samarasinghe,amila.samarasinghe@hotmail.com,783394334,Bride's Colleagues,Traveling from Kandy,Accepted,colleague,2,adult,0
Nimasha Gunawardena,nimasha.gunawardena@outlook.com,702625220,Groom's Family,Traveling from Jaffna,Accepted,family,4,adult,2
Tharindu Mendis,tharindu.mendis@gmail.com,754566389,Bride's Friends,Vegan meal,Accepted,friend,2,adult,4
Kavindi Bandara,kavindi.bandara@outlook.com,752831995,Bride's Friends,,Accepted,friend,2,adult,4
Isuru Silva,isuru.silva@hotmail.com,704938956,VIP,,Accepted,vip,5,adult,1
Isuru Samarasinghe,isuru.samarasinghe@gmail.com,771702283,Groom's Family,,Accepted,family,4,adult,2
Poornima Rajapaksha,poornima.rajapaksha1@gmail.com,776405343,Bride's Family,,Accepted,family,4,adult,2
Gayan Kumarasinghe,gayan.kumarasinghe@gmail.com,777456854,Bride's Colleagues,Vegetarian meal,Accepted,colleague,2,adult,0
Sithara Amarasinghe,sithara.amarasinghe@gmail.com,719353796,Groom's Family,Halal meal required,Accepted,family,4,adult,2
Sanduni Gunawardena,sanduni.gunawardena@outlook.com,709089445,Neighbours,Allergic to peanuts,Accepted,other,1,adult,3
