name,email,phone,group,rsvp,notes
"Vidusha Ranasinghe","vidusha.ranasinghe@outlook.com","0771532460","Groom's Colleagues","Rejected","Vegetarian meal"
"Harsha Karunaratne","harsha.karunaratne@gmail.com","0768887754","Bride's Friends","Accepted","Bringing +1"
"Achini Perera","achini.perera@gmail.com","0785176895","Relatives","Accepted","Part of Poruwa ceremony party"
"Nuwan Rajapaksha","nuwan.rajapaksha@outlook.com","0772576392","Neighbours","Accepted","Allergic to peanuts"
"Dinesh Senanayake","dinesh.senanayake@hotmail.com","0711707762","Neighbours","Rejected","Bringing +1"
"Chathura Rajapaksha","chathura.rajapaksha@hotmail.com","0704653880","Groom's Family","Rejected","Traveling from Jaffna"
"Tharindu Bandara","tharindu.bandara@gmail.com","0755078362","Bride's Family","Accepted","Late arrival expected"
"Vidusha Gunasekara","vidusha.gunasekara@yahoo.com","0722501223","Groom's Friends","Accepted",""
"Tharushi Samarasinghe","tharushi.samarasinghe@gmail.com","0706964596","Bride's Friends","Accepted",""
"Lahiru Weerasinghe","lahiru.weerasinghe@hotmail.com","0788360481","Groom's Friends","Accepted","Traveling from Kandy"
"Ruwan Bandara","ruwan.bandara@gmail.com","0758340032","Neighbours","Accepted","Confirmed via WhatsApp"
"Tharindu de Zoysa","tharindu.dezoysa@hotmail.com","0728858359","Bride's Colleagues","Accepted","Halal meal required"
"Buddhika Wickramasinghe","buddhika.wickramasinghe@outlook.com","0725418267","Neighbours","Accepted",""
"Amaya Karunaratne","amaya.karunaratne@yahoo.com","0707108168","Other","Accepted",""
"Iresha Karunaratne","iresha.karunaratne@yahoo.com","0769347489","Neighbours","Accepted","Bringing 2 children"
"Roshan Weerasinghe","roshan.weerasinghe@gmail.com","0709777848","Groom's Family","Rejected","Vegetarian meal"
"Nuwan Rajapaksha","nuwan.rajapaksha@gmail.com","0754214793","Groom's Family","Accepted","Traveling from Kandy"
"Amaya Herath","amaya.herath@hotmail.com","0707146400","Groom's Friends","Accepted",""
"Gayan Rajapaksha","gayan.rajapaksha@outlook.com","0782341452","VIP","Accepted",""
"Chamath Abeysekara","chamath.abeysekara@hotmail.com","0781978112","Other","Accepted",""
"Achini Senanayake","achini.senanayake@gmail.com","0719715516","Groom's Family","Accepted","Needs wheelchair access"
"Kavindi Rajapaksha","kavindi.rajapaksha@yahoo.com","0764001408","Neighbours","Accepted","Traveling from Jaffna"
"Menaka Jayawardena","menaka.jayawardena@hotmail.com","0778696054","Relatives","Rejected","Vegan meal"
"Iresha Karunaratne","iresha.karunaratne@hotmail.com","0773653760","Neighbours","Accepted","Part of Poruwa ceremony party"
"Sithara Weerasinghe","sithara.weerasinghe@hotmail.com","0787236418","Relatives","Rejected","Traveling from Jaffna"
"Tharushi Herath","tharushi.herath@yahoo.com","0764589118","Relatives","Rejected","Bringing +1"
"Chanaka Wijesinghe","chanaka.wijesinghe@outlook.com","0701581546","Bride's Colleagues","Rejected","No pork"
"Thilina Senanayake","thilina.senanayake@gmail.com","0724722641","Groom's Friends","Accepted",""
"Shanika Bandara","shanika.bandara@yahoo.com","0701633110","VIP","Accepted","Vegetarian meal"
"Thilina Amarasinghe","thilina.amarasinghe@yahoo.com","0715299058","Bride's Colleagues","Accepted","Traveling from Kandy"
"Kavindi Wijeratne","kavindi.wijeratne@gmail.com","0776447428","VIP","Accepted","Late arrival expected"
"Chathurika Herath","chathurika.herath@hotmail.com","0707401281","Groom's Family","Accepted","Requires seat near stage"
"Nipun Abeysekara","nipun.abeysekara@outlook.com","0783022334","Groom's Friends","Accepted",""
"Kaveesha Karunaratne","kaveesha.karunaratne@gmail.com","0729797692","Bride's Family","Accepted","Late arrival expected"
"Buddhika Gunasekara","buddhika.gunasekara@yahoo.com","0711847581","Relatives","Rejected","Late arrival expected"
"Anjali Abeysekara","anjali.abeysekara@hotmail.com","0787615632","Bride's Friends","Accepted",""
"Chamath Fernando","chamath.fernando@outlook.com","0722427388","Relatives","Rejected","Vegetarian meal"
"Vidusha de Zoysa","vidusha.dezoysa@yahoo.com","0757632348","Other","Accepted","No pork"
"Chamara Bandara","chamara.bandara@outlook.com","0722503148","Groom's Family","Accepted","Traveling from Jaffna"
"Sampath Weerasinghe","sampath.weerasinghe@hotmail.com","0761406123","Bride's Colleagues","Accepted","Elderly guest"
"Thanuja Wijesinghe","thanuja.wijesinghe@yahoo.com","0751752920","Groom's Friends","Accepted","Elderly guest"
"Chamath Silva","chamath.silva@gmail.com","0771914996","Groom's Friends","Accepted","Vegetarian meal"
"Achini Senanayake","achini.senanayake1@gmail.com","0722866934","Bride's Colleagues","Accepted",""
"Chamath de Zoysa","chamath.dezoysa@yahoo.com","0719778944","Bride's Colleagues","Accepted","Vegetarian meal"
"Poornima Perera","poornima.perera@outlook.com","0769838222","Bride's Family","Accepted",""
"Kavinda Gunasekara","kavinda.gunasekara@hotmail.com","0708800748","Bride's Family","Accepted","Bringing +1"
"Deshani Rathnayake","deshani.rathnayake@hotmail.com","0782810117","Bride's Family","Accepted","Traveling from Kandy"
"Nadeeka Mendis","nadeeka.mendis@gmail.com","0729131281","Other","Accepted","Vegan meal"
"Chanaka de Zoysa","chanaka.dezoysa@gmail.com","0705150551","Neighbours","Accepted","Confirmed via WhatsApp"
"Tharindu Perera","tharindu.perera@hotmail.com","0776904121","Groom's Colleagues","Accepted","Needs wheelchair access"
"Amaya Bandara","amaya.bandara@gmail.com","0775323142","Relatives","Rejected",""
"Hansika Dissanayake","hansika.dissanayake@yahoo.com","0727590872","Bride's Friends","Accepted","Traveling from Kandy"
"Poornima Herath","poornima.herath@yahoo.com","0755032585","Other","Accepted","Bringing 2 children"
"Tharushi Wijesinghe","tharushi.wijesinghe@yahoo.com","0713324928","Other","Accepted","Allergic to peanuts"
"Nadeesha Gunasekara","nadeesha.gunasekara@yahoo.com","0753435253","Other","Accepted","Requires seat near stage"
"Suresh Wijeratne","suresh.wijeratne@gmail.com","0716328403","Bride's Friends","Accepted","Requires seat near stage"
"Chamodi Abeysekara","chamodi.abeysekara@hotmail.com","0755593537","Bride's Friends","Accepted",""
"Kasun Samarasinghe","kasun.samarasinghe@hotmail.com","0764874049","Other","Accepted",""
"Asela Samarasinghe","asela.samarasinghe@outlook.com","0719427608","Other","Accepted","Elderly guest"
"Nadeeka Kumarasinghe","nadeeka.kumarasinghe@outlook.com","0713747879","Groom's Friends","Accepted","Traveling from Jaffna"
"Nimasha Bandara","nimasha.bandara@outlook.com","0714402982","Groom's Friends","Accepted","Part of Poruwa ceremony party"
"Vidusha Gunasekara","vidusha.gunasekara@hotmail.com","0788676330","Groom's Friends","Accepted",""
"Achini Karunaratne","achini.karunaratne@hotmail.com","0759995261","Neighbours","Accepted",""
"Sanduni Wijesinghe","sanduni.wijesinghe@gmail.com","0719702386","Neighbours","Accepted",""
"Amaya Samarasinghe","amaya.samarasinghe@gmail.com","0715885179","VIP","Accepted","Bringing 2 children"
"Nadeesha Wijesinghe","nadeesha.wijesinghe@yahoo.com","0755939543","Other","Accepted","No pork"
"Sanduni Jayawardena","sanduni.jayawardena@outlook.com","0709399643","Groom's Family","Accepted","Late arrival expected"
"Shanika de Zoysa","shanika.dezoysa@yahoo.com","0757938373","Groom's Colleagues","Accepted","Vegan meal"
"Thilina Gunasekara","thilina.gunasekara@yahoo.com","0752512963","Bride's Colleagues","Accepted","Vegan meal"
"Chathurika Silva","chathurika.silva@gmail.com","0778539654","Groom's Colleagues","Accepted","Traveling from Kandy"
"Amaya Herath","amaya.herath@yahoo.com","0757385526","Bride's Family","Accepted","Requires seat near stage"
"Poornima Wickramasinghe","poornima.wickramasinghe@yahoo.com","0783426109","Bride's Friends","Accepted",""
"Chathura Wijeratne","chathura.wijeratne@outlook.com","0724031576","Groom's Family","Accepted","Allergic to peanuts"
"Harsha Bandara","harsha.bandara@gmail.com","0759348805","VIP","Accepted",""
"Vidusha Dissanayake","vidusha.dissanayake@yahoo.com","0768981122","VIP","Accepted",""
"Nimasha Dissanayake","nimasha.dissanayake@hotmail.com","0764483580","Bride's Family","Accepted",""
"Sachini Wickramasinghe","sachini.wickramasinghe@gmail.com","0776007018","Groom's Colleagues","Accepted",""
"Tharindu Gunawardena","tharindu.gunawardena@hotmail.com","0763976601","VIP","Accepted","Elderly guest"
"Dilini Samarasinghe","dilini.samarasinghe@hotmail.com","0727183568","Relatives","Rejected","Traveling from Jaffna"
"Dilini Senanayake","dilini.senanayake@outlook.com","0713047210","Bride's Colleagues","Accepted","Traveling from Jaffna"
"Shanika Rajapaksha","shanika.rajapaksha@gmail.com","0709874251","Groom's Family","Accepted","Bringing 2 children"
"Yohan Weerasinghe","yohan.weerasinghe@hotmail.com","0766936673","Bride's Friends","Accepted","Confirmed via WhatsApp"
"Kaveesha Kumarasinghe","kaveesha.kumarasinghe@outlook.com","0784018342","Other","Accepted","Bringing 2 children"
"Nimasha Jayasuriya","nimasha.jayasuriya@gmail.com","0752978465","Groom's Friends","Accepted","Traveling from Jaffna"
"Sanjeewa Ranasinghe","sanjeewa.ranasinghe@yahoo.com","0704375360","Bride's Colleagues","Accepted",""
"Buddhika de Zoysa","buddhika.dezoysa@hotmail.com","0781102865","Groom's Family","Accepted","Requires seat near stage"
"Amila Herath","amila.herath@gmail.com","0783946567","Groom's Friends","Accepted","Requires seat near stage"
"Vidusha Kumarasinghe","vidusha.kumarasinghe@gmail.com","0773277572","VIP","Accepted","Part of Poruwa ceremony party"
"Iresha Weerasinghe","iresha.weerasinghe@outlook.com","0787944979","Bride's Family","Accepted","Bringing 2 children"
"Poornima Weerasinghe","poornima.weerasinghe@gmail.com","0716565326","Groom's Colleagues","Accepted","Vegetarian meal"
"Kasun Weerasinghe","kasun.weerasinghe@outlook.com","0779963616","Bride's Friends","Accepted","Traveling from Kandy"
"Dilshan Samarasinghe","dilshan.samarasinghe@hotmail.com","0776276424","Bride's Family","Accepted",""
"Lahiru Ranasinghe","lahiru.ranasinghe@outlook.com","0786077267","Groom's Friends","Accepted","Vegan meal"
"Kavinda Fernando","kavinda.fernando@yahoo.com","0708445293","Neighbours","Accepted","Confirmed via WhatsApp"
"Ishara Rajapaksha","ishara.rajapaksha@hotmail.com","0759785019","Bride's Colleagues","Accepted","Vegetarian meal"
"Chathurika Mendis","chathurika.mendis@yahoo.com","0711613249","VIP","Accepted","No pork"
"Chathura Fernando","chathura.fernando@gmail.com","0728832877","Bride's Family","Accepted","Bringing 2 children"
"Harsha Senanayake","harsha.senanayake@yahoo.com","0724364763","Groom's Friends","Accepted","Halal meal required"
"Chanaka Rathnayake","chanaka.rathnayake@gmail.com","0723505186","Bride's Friends","Accepted",""
"Iresha Mendis","iresha.mendis@gmail.com","0716877363","Neighbours","Accepted","Vegetarian meal"
"Thanuja Senanayake","thanuja.senanayake@yahoo.com","0712195257","Bride's Colleagues","Accepted","Requires seat near stage"
"Sachini Wickramasinghe","sachini.wickramasinghe1@gmail.com","0751846511","Groom's Family","Accepted",""
"Tharindu Gunasekara","tharindu.gunasekara@outlook.com","0766966385","Bride's Colleagues","Accepted","Allergic to peanuts"
"Poornima de Zoysa","poornima.dezoysa@gmail.com","0788813071","Other","Accepted","Part of Poruwa ceremony party"
"Chathura Rathnayake","chathura.rathnayake@outlook.com","0754887183","Groom's Friends","Accepted","Bringing +1"
"Rashmi Gunawardena","rashmi.gunawardena@hotmail.com","0786448586","VIP","Accepted",""
"Prasad Kumarasinghe","prasad.kumarasinghe@outlook.com","0783865574","Bride's Colleagues","Accepted","Late arrival expected"
"Dilshan Karunaratne","dilshan.karunaratne@gmail.com","0722189907","Bride's Colleagues","Accepted","Traveling from Kandy"
"Anjali Herath","anjali.herath@yahoo.com","0763667917","VIP","Accepted","Requires seat near stage"
"Asela Amarasinghe","asela.amarasinghe@outlook.com","0788304023","Other","Accepted","Halal meal required"
"Piumi Rathnayake","piumi.rathnayake@gmail.com","0779164301","Groom's Family","Accepted","Part of Poruwa ceremony party"
"Dilshan Wijesinghe","dilshan.wijesinghe@yahoo.com","0727808088","Groom's Family","Accepted","Traveling from Kandy"
"Roshan Rathnayake","roshan.rathnayake@gmail.com","0704650919","Bride's Friends","Accepted",""
"Poornima Wickramasinghe","poornima.wickramasinghe@outlook.com","0765890613","Relatives","Rejected","Part of Poruwa ceremony party"
"Dinesh Weerasinghe","dinesh.weerasinghe@hotmail.com","0766109503","Relatives","Accepted","Elderly guest"
"Nayana Perera","nayana.perera@outlook.com","0783140029","Bride's Colleagues","Accepted","Halal meal required"
"Nimasha Gunasekara","nimasha.gunasekara@hotmail.com","0705734685","Bride's Family","Accepted","Late arrival expected"
"Sanjeewa Gunasekara","sanjeewa.gunasekara@outlook.com","0757401599","Relatives","Accepted","Vegan meal"
"Sampath de Zoysa","sampath.dezoysa@outlook.com","0787044627","Relatives","Accepted","Vegetarian meal"
"Chamara Jayawardena","chamara.jayawardena@gmail.com","0719165493","Relatives","Accepted","Vegetarian meal"
"Roshan Abeysekara","roshan.abeysekara@outlook.com","0788142130","Other","Accepted","No pork"
"Nipun Wijesinghe","nipun.wijesinghe@outlook.com","0724787304","Bride's Friends","Accepted",""
"Gimhani Wijeratne","gimhani.wijeratne@yahoo.com","0779417612","Bride's Colleagues","Accepted","Halal meal required"
"Sachini Fernando","sachini.fernando@outlook.com","0777183722","Groom's Family","Accepted",""
"Chamath Mendis","chamath.mendis@hotmail.com","0759672974","Groom's Family","Accepted",""
"Roshan Wijeratne","roshan.wijeratne@gmail.com","0776242875","Other","Accepted","Requires seat near stage"
"Nimasha Kumarasinghe","nimasha.kumarasinghe@outlook.com","0768872413","Other","Accepted","Traveling from Jaffna"
"Kavinda Senanayake","kavinda.senanayake@hotmail.com","0711592675","Other","Accepted","Late arrival expected"
"Roshan Kumarasinghe","roshan.kumarasinghe@yahoo.com","0761866037","Bride's Colleagues","Accepted",""
"Chamara Wickramasinghe","chamara.wickramasinghe@gmail.com","0785661529","Bride's Colleagues","Accepted","Bringing +1"
"Isuru Perera","isuru.perera@gmail.com","0763929534","Other","Accepted","Part of Poruwa ceremony party"
"Tharindu Bandara","tharindu.bandara@yahoo.com","0754033474","Neighbours","Accepted","Requires seat near stage"
"Ishara Herath","ishara.herath@yahoo.com","0789320631","Relatives","Rejected","Needs wheelchair access"
"Yasodha Jayawardena","yasodha.jayawardena@yahoo.com","0716789409","Bride's Family","Accepted",""
"Chanaka Karunaratne","chanaka.karunaratne@outlook.com","0728990421","Neighbours","Pending","Traveling from Kandy"
"Ruwan Mendis","ruwan.mendis@outlook.com","0705845129","VIP","Accepted","Requires seat near stage"
"Poornima Fernando","poornima.fernando@gmail.com","0766936250","Relatives","Pending","Bringing +1"
"Isuru Jayasuriya","isuru.jayasuriya@hotmail.com","0777562471","VIP","Accepted","Needs wheelchair access"
"Nayana Samarasinghe","nayana.samarasinghe@yahoo.com","0766660743","Bride's Friends","Accepted",""
"Achini Silva","achini.silva@gmail.com","0752639113","Neighbours","Accepted","Part of Poruwa ceremony party"
"Chamath Senanayake","chamath.senanayake@hotmail.com","0711571126","Bride's Family","Accepted",""
"Poornima Rajapaksha","poornima.rajapaksha@gmail.com","0773012881","Groom's Family","Accepted","Vegetarian meal"
"Harsha Jayawardena","harsha.jayawardena@yahoo.com","0704091420","Bride's Colleagues","Accepted",""
"Deshani Bandara","deshani.bandara@outlook.com","0776425820","Bride's Colleagues","Accepted",""
"Nuwan Karunaratne","nuwan.karunaratne@outlook.com","0722007616","Bride's Colleagues","Accepted","Bringing +1"
"Chamara Kumarasinghe","chamara.kumarasinghe@yahoo.com","0767587312","Bride's Friends","Accepted",""
"Harsha Abeysekara","harsha.abeysekara@yahoo.com","0762782574","VIP","Accepted",""
"Chamara Amarasinghe","chamara.amarasinghe@hotmail.com","0788480659","Bride's Family","Accepted","Vegetarian meal"
"Nimasha Fernando","nimasha.fernando@outlook.com","0723543551","Groom's Colleagues","Accepted","Late arrival expected"
"Asela Samarasinghe","asela.samarasinghe1@outlook.com","0758315833","Relatives","Pending",""
"Nimasha Karunaratne","nimasha.karunaratne@outlook.com","0709980912","Groom's Colleagues","Accepted","Bringing 2 children"
"Roshan Jayawardena","roshan.jayawardena@gmail.com","0729969540","Groom's Colleagues","Accepted","Part of Poruwa ceremony party"
"Nadeesha Jayawardena","nadeesha.jayawardena@yahoo.com","0711659867","Relatives","Pending","Bringing 2 children"
"Sithara Jayasuriya","sithara.jayasuriya@hotmail.com","0752423756","VIP","Accepted","Vegetarian meal"
"Kasun Wijeratne","kasun.wijeratne@yahoo.com","0757522436","Groom's Family","Accepted","Bringing 2 children"
"Nipun Wijesinghe","nipun.wijesinghe@gmail.com","0706692259","Bride's Family","Accepted",""
"Sampath Jayawardena","sampath.jayawardena@outlook.com","0773499027","Other","Accepted",""
"Ruwan Kumarasinghe","ruwan.kumarasinghe@gmail.com","0751768424","Groom's Friends","Accepted","Vegetarian meal"
"Roshan Fernando","roshan.fernando@hotmail.com","0782632292","VIP","Accepted","Late arrival expected"
"Nipun Jayasuriya","nipun.jayasuriya@gmail.com","0754700592","Groom's Family","Accepted","Traveling from Jaffna"
"Nipun Wijeratne","nipun.wijeratne@outlook.com","0723026728","Other","Accepted","Requires seat near stage"
"Thanuja Rajapaksha","thanuja.rajapaksha@gmail.com","0763909968","Groom's Colleagues","Accepted","Bringing +1"
"Ravindu Gunawardena","ravindu.gunawardena@hotmail.com","0763768343","VIP","Accepted","Late arrival expected"
"Dilshan Jayawardena","dilshan.jayawardena@outlook.com","0783646667","Bride's Family","Accepted",""
"Tharindu Silva","tharindu.silva@hotmail.com","0758986164","Bride's Friends","Accepted","Bringing +1"
"Chamodi Dissanayake","chamodi.dissanayake@yahoo.com","0761631179","Other","Accepted","Confirmed via WhatsApp"
"Dilini Jayawardena","dilini.jayawardena@hotmail.com","0728026061","Bride's Family","Accepted","Allergic to peanuts"
"Buddhika Jayasuriya","buddhika.jayasuriya@hotmail.com","0789515120","Groom's Friends","Accepted","Allergic to peanuts"
"Sampath Jayasuriya","sampath.jayasuriya@yahoo.com","0778959326","VIP","Accepted",""
"Prasad Senanayake","prasad.senanayake@yahoo.com","0755217486","Groom's Colleagues","Accepted","Part of Poruwa ceremony party"
"Chamath Fernando","chamath.fernando@yahoo.com","0711487633","VIP","Accepted",""
"Yasodha Wijesinghe","yasodha.wijesinghe@hotmail.com","0754334495","Groom's Colleagues","Accepted",""
"Dilshan Dissanayake","dilshan.dissanayake@outlook.com","0784354702","Relatives","Pending",""
"Malith Fernando","malith.fernando@outlook.com","0714626649","Other","Accepted","Traveling from Kandy"
"Chanaka Wijeratne","chanaka.wijeratne@yahoo.com","0777016144","Bride's Colleagues","Accepted","Vegetarian meal"
"Amila Fernando","amila.fernando@hotmail.com","0712864104","VIP","Accepted","Vegan meal"
"Anjali Senanayake","anjali.senanayake@yahoo.com","0783851044","Other","Accepted","Needs wheelchair access"
"Yohan Mendis","yohan.mendis@outlook.com","0784631304","Other","Accepted","Part of Poruwa ceremony party"
"Chamath Abeysekara","chamath.abeysekara@yahoo.com","0716491114","Relatives","Pending","Late arrival expected"
"Deshani Amarasinghe","deshani.amarasinghe@gmail.com","0751741958","Bride's Family","Accepted","No pork"
"Buddhika Karunaratne","buddhika.karunaratne@outlook.com","0782644153","VIP","Accepted",""
"Nimasha Gunasekara","nimasha.gunasekara@outlook.com","0713226537","Groom's Colleagues","Accepted",""
"Dinesh Senanayake","dinesh.senanayake@yahoo.com","0778705487","Other","Accepted",""
"Sanduni Samarasinghe","sanduni.samarasinghe@yahoo.com","0787800818","Bride's Friends","Accepted","Elderly guest"
"Shanika Jayawardena","shanika.jayawardena@gmail.com","0782186125","Relatives","Pending","Requires seat near stage"
"Nadeesha Abeysekara","nadeesha.abeysekara@hotmail.com","0774475340","Groom's Family","Accepted","Requires seat near stage"
"Sachini Mendis","sachini.mendis@hotmail.com","0702861709","Relatives","Pending",""
"Tharindu Jayawardena","tharindu.jayawardena@gmail.com","0764434507","Bride's Friends","Accepted","Needs wheelchair access"
"Kaveesha Kumarasinghe","kaveesha.kumarasinghe@yahoo.com","0784782209","Groom's Colleagues","Accepted","Bringing +1"
"Chamodi Bandara","chamodi.bandara@gmail.com","0707254777","Groom's Colleagues","Accepted","No pork"
"Chathurika Kumarasinghe","chathurika.kumarasinghe@hotmail.com","0757176462","Groom's Family","Accepted","Part of Poruwa ceremony party"
"Nadeeka Gunawardena","nadeeka.gunawardena@hotmail.com","0702834838","Bride's Friends","Accepted","Vegetarian meal"
"Yohan Rajapaksha","yohan.rajapaksha@gmail.com","0727988325","Neighbours","Accepted","Confirmed via WhatsApp"
"Chanaka Wijeratne","chanaka.wijeratne@gmail.com","0724171911","Groom's Family","Accepted","Needs wheelchair access"
"Amaya Jayawardena","amaya.jayawardena@hotmail.com","0756751103","Groom's Colleagues","Accepted","No pork"
"Sanduni Wijesinghe","sanduni.wijesinghe@hotmail.com","0763213824","Bride's Colleagues","Accepted","Bringing +1"
"Prasad Senanayake","prasad.senanayake@gmail.com","0716924385","Bride's Colleagues","Accepted","Vegan meal"
"Piumi Gunasekara","piumi.gunasekara@hotmail.com","0713942041","Bride's Friends","Accepted",""
"Sanjeewa Amarasinghe","sanjeewa.amarasinghe@yahoo.com","0755368907","Groom's Colleagues","Accepted","Halal meal required"
"Poornima Weerasinghe","poornima.weerasinghe@hotmail.com","0717256474","VIP","Accepted","Vegan meal"
"Chathurika Perera","chathurika.perera@outlook.com","0753439136","VIP","Accepted","Vegetarian meal"
"Chamath de Zoysa","chamath.dezoysa@hotmail.com","0775958621","VIP","Accepted","Late arrival expected"
"Thanuja Amarasinghe","thanuja.amarasinghe@outlook.com","0722884343","VIP","Accepted","Vegetarian meal"
"Chathurika Senanayake","chathurika.senanayake@gmail.com","0754697107","VIP","Accepted","Requires seat near stage"
"Roshan Rajapaksha","roshan.rajapaksha@yahoo.com","0785662844","Groom's Friends","Accepted","Halal meal required"
"Poornima Rathnayake","poornima.rathnayake@gmail.com","0767617330","Groom's Friends","Accepted","No pork"
"Deshani Rathnayake","deshani.rathnayake1@hotmail.com","0753482120","Relatives","Pending","Elderly guest"
"Prasad Ranasinghe","prasad.ranasinghe@hotmail.com","0752469661","Groom's Friends","Accepted","Part of Poruwa ceremony party"
"Chamodi Wijesinghe","chamodi.wijesinghe@hotmail.com","0718110724","Relatives","Pending","Late arrival expected"
"Ishara Rajapaksha","ishara.rajapaksha1@hotmail.com","0759813089","Groom's Colleagues","Accepted","Late arrival expected"
"Dilini Perera","dilini.perera@outlook.com","0775585697","Relatives","Pending","Part of Poruwa ceremony party"
"Menaka Wickramasinghe","menaka.wickramasinghe@yahoo.com","0717405029","Bride's Colleagues","Accepted",""
"Nadeesha Amarasinghe","nadeesha.amarasinghe@hotmail.com","0758775431","Groom's Friends","Accepted",""
"Chathura Jayawardena","chathura.jayawardena@outlook.com","0705826621","Relatives","Pending","Needs wheelchair access"
"Harsha Bandara","harsha.bandara@outlook.com","0707069317","Other","Accepted","Traveling from Jaffna"
"Kaveesha Rathnayake","kaveesha.rathnayake@outlook.com","0773006281","Groom's Colleagues","Rejected","Late arrival expected"
"Isuru Gunawardena","isuru.gunawardena@gmail.com","0716363359","VIP","Accepted","Vegetarian meal"
"Nuwan Bandara","nuwan.bandara@hotmail.com","0756972425","Bride's Family","Accepted","No pork"
"Dilini Mendis","dilini.mendis@yahoo.com","0784074382","Groom's Family","Accepted","Vegan meal"
"Gimhani Weerasinghe","gimhani.weerasinghe@hotmail.com","0727082121","Groom's Family","Accepted","Elderly guest"
"Nimasha Wickramasinghe","nimasha.wickramasinghe@hotmail.com","0729135255","Relatives","Pending","Vegan meal"
"Ruwan Mendis","ruwan.mendis@yahoo.com","0784161109","Neighbours","Accepted","No pork"
"Shanika de Zoysa","shanika.dezoysa@gmail.com","0758725762","Groom's Family","Accepted","Vegetarian meal"
"Vidusha Ranasinghe","vidusha.ranasinghe@hotmail.com","0777082891","Bride's Friends","Accepted","No pork"
"Tharushi Gunawardena","tharushi.gunawardena@hotmail.com","0702989725","Groom's Friends","Accepted","Vegetarian meal"
"Nadeesha Wickramasinghe","nadeesha.wickramasinghe@yahoo.com","0712318772","Relatives","Pending",""
"Harsha Kumarasinghe","harsha.kumarasinghe@outlook.com","0704294223","Groom's Family","Accepted","No pork"
"Vidusha Jayasuriya","vidusha.jayasuriya@hotmail.com","0702111446","Bride's Colleagues","Accepted",""
"Deshani Herath","deshani.herath@yahoo.com","0764355853","Bride's Friends","Accepted",""
"Yohan Wijeratne","yohan.wijeratne@hotmail.com","0766835728","Groom's Colleagues","Rejected","No pork"
"Dulmini Dissanayake","dulmini.dissanayake@gmail.com","0701234617","Neighbours","Rejected","Allergic to peanuts"
"Piumi Samarasinghe","piumi.samarasinghe@gmail.com","0772655671","Groom's Friends","Accepted","Confirmed via WhatsApp"
"Amila Gunawardena","amila.gunawardena@outlook.com","0772800606","Bride's Friends","Accepted","Traveling from Kandy"
"Buddhika Dissanayake","buddhika.dissanayake@outlook.com","0706272748","Groom's Family","Accepted","No pork"
"Harsha Ranasinghe","harsha.ranasinghe@hotmail.com","0761681298","Groom's Family","Accepted",""
"Chanaka Herath","chanaka.herath@hotmail.com","0778448343","Groom's Friends","Accepted","Bringing 2 children"
"Chamodi Rajapaksha","chamodi.rajapaksha@gmail.com","0788980532","Groom's Colleagues","Rejected","Confirmed via WhatsApp"
"Rashmi Wijesinghe","rashmi.wijesinghe@gmail.com","0703405308","Relatives","Pending","Late arrival expected"
"Yasodha Gunawardena","yasodha.gunawardena@gmail.com","0724340115","Groom's Colleagues","Rejected","Traveling from Kandy"
"Nipun Abeysekara","nipun.abeysekara1@outlook.com","0725579723","Relatives","Pending","Traveling from Kandy"
"Amaya Bandara","amaya.bandara@yahoo.com","0788627505","Groom's Family","Accepted","Confirmed via WhatsApp"
"Roshan Wickramasinghe","roshan.wickramasinghe@gmail.com","0701886716","Groom's Family","Accepted",""
"Rashmi Herath","rashmi.herath@hotmail.com","0716079345","Other","Accepted",""
"Amaya Samarasinghe","amaya.samarasinghe@outlook.com","0788818548","Groom's Friends","Accepted","Confirmed via WhatsApp"
"Isuru de Zoysa","isuru.dezoysa@hotmail.com","0781296459","Bride's Family","Accepted",""
"Sanjeewa Karunaratne","sanjeewa.karunaratne@outlook.com","0751603663","Bride's Family","Accepted","Bringing 2 children"
"Piumi Kumarasinghe","piumi.kumarasinghe@outlook.com","0716242203","Relatives","Pending",""
"Vidusha Rathnayake","vidusha.rathnayake@outlook.com","0753622462","Neighbours","Rejected","Bringing +1"
"Nadeeka Herath","nadeeka.herath@hotmail.com","0785772070","Groom's Colleagues","Rejected","Late arrival expected"
"Nipun Ranasinghe","nipun.ranasinghe@hotmail.com","0781451304","Groom's Colleagues","Rejected","Traveling from Jaffna"
"Prasad Abeysekara","prasad.abeysekara@hotmail.com","0705097480","Groom's Friends","Accepted","Bringing 2 children"
"Deshani Gunasekara","deshani.gunasekara@gmail.com","0786115582","Groom's Family","Accepted",""
"Sachini Wijesinghe","sachini.wijesinghe@outlook.com","0769636236","Relatives","Pending","Confirmed via WhatsApp"
"Tharushi Karunaratne","tharushi.karunaratne@outlook.com","0722639564","VIP","Accepted","Allergic to peanuts"
"Buddhika Samarasinghe","buddhika.samarasinghe@hotmail.com","0716025126","Groom's Colleagues","Rejected","Allergic to peanuts"
"Yohan Silva","yohan.silva@yahoo.com","0725448564","Bride's Family","Accepted","Late arrival expected"
"Lahiru Herath","lahiru.herath@gmail.com","0772589366","Other","Accepted",""
"Amaya Kumarasinghe","amaya.kumarasinghe@outlook.com","0716827003","Groom's Family","Accepted","Bringing 2 children"
"Nadeesha Abeysekara","nadeesha.abeysekara1@hotmail.com","0717951039","Relatives","Pending","No pork"
"Harsha de Zoysa","harsha.dezoysa@yahoo.com","0709660803","Bride's Friends","Accepted","Allergic to peanuts"
"Achini Wijeratne","achini.wijeratne@outlook.com","0729937547","Other","Accepted","Traveling from Jaffna"
"Yasodha Jayawardena","yasodha.jayawardena@gmail.com","0764366315","Groom's Colleagues","Rejected","Needs wheelchair access"
"Dinesh Samarasinghe","dinesh.samarasinghe@hotmail.com","0788304611","Relatives","Pending",""
"Gimhani Abeysekara","gimhani.abeysekara@hotmail.com","0785815809","Bride's Friends","Accepted","Needs wheelchair access"
"Dilshan Wickramasinghe","dilshan.wickramasinghe@yahoo.com","0705120259","Bride's Colleagues","Accepted","Halal meal required"
"Chamodi Jayawardena","chamodi.jayawardena@gmail.com","0713673591","Bride's Colleagues","Accepted","Bringing +1"
"Hansika Rathnayake","hansika.rathnayake@yahoo.com","0771708541","VIP","Accepted",""
"Dilini Weerasinghe","dilini.weerasinghe@hotmail.com","0782066723","Relatives","Pending",""
"Nipun Wijeratne","nipun.wijeratne@yahoo.com","0712877913","Other","Accepted",""
"Achini Amarasinghe","achini.amarasinghe@hotmail.com","0752514123","Groom's Friends","Accepted","Requires seat near stage"
"Amila Wijeratne","amila.wijeratne@outlook.com","0784958384","Relatives","Pending",""
"Isuru Wijesinghe","isuru.wijesinghe@outlook.com","0721938272","VIP","Accepted",""
"Ravindu Kumarasinghe","ravindu.kumarasinghe@yahoo.com","0723431212","Groom's Colleagues","Rejected","Elderly guest"
"Nimasha Jayawardena","nimasha.jayawardena@gmail.com","0781917249","Groom's Friends","Accepted","Traveling from Kandy"
"Asela Ranasinghe","asela.ranasinghe@gmail.com","0764965830","VIP","Accepted","Traveling from Kandy"
"Deshani Bandara","deshani.bandara@hotmail.com","0704950370","Bride's Colleagues","Accepted","Vegan meal"
"Kaveesha Weerasinghe","kaveesha.weerasinghe@outlook.com","0781568440","Bride's Colleagues","Accepted","Confirmed via WhatsApp"
"Ravindu Weerasinghe","ravindu.weerasinghe@outlook.com","0782684358","Bride's Friends","Accepted","No pork"
"Ravindu Herath","ravindu.herath@hotmail.com","0751458871","Bride's Family","Accepted","Vegan meal"
"Thanuja Jayawardena","thanuja.jayawardena@yahoo.com","0707721990","Groom's Friends","Accepted","Requires seat near stage"
"Chathurika Gunawardena","chathurika.gunawardena@yahoo.com","0763182597","Other","Accepted","Requires seat near stage"
"Yohan Wijeratne","yohan.wijeratne@yahoo.com","0723910495","Other","Accepted","Bringing 2 children"
"Ravindu Ranasinghe","ravindu.ranasinghe@yahoo.com","0757330379","Other","Accepted",""
"Kaveesha Herath","kaveesha.herath@yahoo.com","0708758202","Groom's Friends","Accepted","Vegan meal"
"Janaka Abeysekara","janaka.abeysekara@hotmail.com","0712494200","Groom's Colleagues","Rejected","Late arrival expected"
"Asela Mendis","asela.mendis@outlook.com","0788611954","VIP","Accepted","Allergic to peanuts"
"Yohan Bandara","yohan.bandara@hotmail.com","0779290765","Relatives","Pending","Allergic to peanuts"
"Achini Senanayake","achini.senanayake@yahoo.com","0754026104","Relatives","Pending",""
"Isuru Dissanayake","isuru.dissanayake@outlook.com","0717201492","Other","Accepted","Part of Poruwa ceremony party"
"Malith Wickramasinghe","malith.wickramasinghe@hotmail.com","0777669861","Groom's Friends","Accepted","Traveling from Jaffna"
"Hansika Silva","hansika.silva@gmail.com","0761985700","Bride's Family","Accepted","Needs wheelchair access"
"Prasad Herath","prasad.herath@gmail.com","0705255656","Neighbours","Accepted","Bringing 2 children"
"Poornima Ranasinghe","poornima.ranasinghe@yahoo.com","0761689962","Other","Accepted","Vegan meal"
"Deshani Weerasinghe","deshani.weerasinghe@outlook.com","0712504043","Groom's Colleagues","Rejected","Traveling from Jaffna"
"Dilshan Weerasinghe","dilshan.weerasinghe@gmail.com","0719375364","Bride's Colleagues","Accepted","Traveling from Jaffna"
"Thilina Bandara","thilina.bandara@hotmail.com","0766251441","Relatives","Pending","Requires seat near stage"
"Vidusha Samarasinghe","vidusha.samarasinghe@yahoo.com","0768381800","Bride's Family","Accepted",""
"Nuwan Kumarasinghe","nuwan.kumarasinghe@hotmail.com","0718837188","Relatives","Pending","Confirmed via WhatsApp"
"Prasad Gunasekara","prasad.gunasekara@outlook.com","0759270975","Groom's Family","Accepted","Vegetarian meal"
"Chamara Rajapaksha","chamara.rajapaksha@hotmail.com","0713823521","Neighbours","Accepted","Late arrival expected"
"Nayana Rajapaksha","nayana.rajapaksha@gmail.com","0764029442","Relatives","Pending","Needs wheelchair access"
"Poornima Jayasuriya","poornima.jayasuriya@hotmail.com","0705769447","Groom's Family","Accepted","Late arrival expected"
"Chathurika Weerasinghe","chathurika.weerasinghe@yahoo.com","0702360015","VIP","Accepted","Confirmed via WhatsApp"
"Isuru Herath","isuru.herath@gmail.com","0721735630","Other","Accepted","Requires seat near stage"
"Yasodha Amarasinghe","yasodha.amarasinghe@yahoo.com","0711816752","Bride's Colleagues","Accepted",""
"Iresha Herath","iresha.herath@outlook.com","0707691735","Bride's Colleagues","Accepted","Traveling from Kandy"
"Yohan Rajapaksha","yohan.rajapaksha@yahoo.com","0757751088","Bride's Colleagues","Accepted","Vegetarian meal"
"Malith Abeysekara","malith.abeysekara@hotmail.com","0773202624","Groom's Colleagues","Rejected","Elderly guest"
"Vidusha Wijesinghe","vidusha.wijesinghe@outlook.com","0755504336","Other","Accepted",""
"Thanuja Ranasinghe","thanuja.ranasinghe@yahoo.com","0758147380","Groom's Family","Accepted","Requires seat near stage"
"Poornima Dissanayake","poornima.dissanayake@yahoo.com","0759846268","Neighbours","Accepted","Part of Poruwa ceremony party"
"Gayan Kumarasinghe","gayan.kumarasinghe@hotmail.com","0713143956","Bride's Colleagues","Accepted","No pork"
"Amila Fernando","amila.fernando@gmail.com","0709613666","Groom's Family","Accepted","Traveling from Jaffna"
"Dinesh Wijeratne","dinesh.wijeratne@hotmail.com","0725275844","Other","Accepted","No pork"
"Chamath Rathnayake","chamath.rathnayake@outlook.com","0714056945","Relatives","Pending","Traveling from Jaffna"
"Nadeesha Weerasinghe","nadeesha.weerasinghe@outlook.com","0788548873","Other","Accepted","Requires seat near stage"
"Gimhani Gunawardena","gimhani.gunawardena@yahoo.com","0712312322","Other","Accepted",""
"Kasun Perera","kasun.perera@outlook.com","0701223214","Bride's Friends","Accepted","Part of Poruwa ceremony party"
"Gimhani Rathnayake","gimhani.rathnayake@outlook.com","0727052024","Relatives","Pending",""
"Kasun Rajapaksha","kasun.rajapaksha@gmail.com","0781266510","Groom's Friends","Accepted","Allergic to peanuts"
"Ruwan Jayawardena","ruwan.jayawardena@yahoo.com","0754203013","Groom's Family","Accepted","Part of Poruwa ceremony party"
"Ravindu Perera","ravindu.perera@gmail.com","0713557220","VIP","Accepted","Confirmed via WhatsApp"
"Chanaka Amarasinghe","chanaka.amarasinghe@yahoo.com","0715946450","Other","Accepted","Traveling from Kandy"
"Kasun Jayasuriya","kasun.jayasuriya@outlook.com","0759316519","Other","Accepted","Halal meal required"
"Sachini Kumarasinghe","sachini.kumarasinghe@outlook.com","0759612679","Other","Accepted","Confirmed via WhatsApp"
"Nuwan Mendis","nuwan.mendis@gmail.com","0756299086","Neighbours","Accepted","Traveling from Jaffna"
"Chathurika Kumarasinghe","chathurika.kumarasinghe1@hotmail.com","0758318725","Bride's Family","Accepted","Allergic to peanuts"
"Chanaka Dissanayake","chanaka.dissanayake@yahoo.com","0766690043","Other","Accepted","Part of Poruwa ceremony party"
"Chathura Wijeratne","chathura.wijeratne1@outlook.com","0757044085","VIP","Accepted","Vegan meal"
"Nadeesha Gunasekara","nadeesha.gunasekara@gmail.com","0779101545","Bride's Friends","Accepted","Vegan meal"
"Chathurika Abeysekara","chathurika.abeysekara@outlook.com","0724937929","Groom's Friends","Accepted",""
"Isuru Ranasinghe","isuru.ranasinghe@yahoo.com","0719446974","Bride's Family","Accepted","Requires seat near stage"
"Janaka Dissanayake","janaka.dissanayake@gmail.com","0764759700","VIP","Accepted","Requires seat near stage"
"Menaka Fernando","menaka.fernando@hotmail.com","0719646766","Other","Accepted",""
"Sanduni Wijesinghe","sanduni.wijesinghe1@gmail.com","0702709062","Neighbours","Accepted",""
"Dilshan Rajapaksha","dilshan.rajapaksha@hotmail.com","0715901010","VIP","Accepted","Confirmed via WhatsApp"
"Chathurika Wickramasinghe","chathurika.wickramasinghe@hotmail.com","0723311438","Groom's Family","Accepted","Part of Poruwa ceremony party"
"Menaka Samarasinghe","menaka.samarasinghe@gmail.com","0718946752","Groom's Colleagues","Rejected","Vegan meal"
"Prasad Gunasekara","prasad.gunasekara1@outlook.com","0725117989","Bride's Friends","Accepted","No pork"
"Lahiru Wickramasinghe","lahiru.wickramasinghe@outlook.com","0757867070","VIP","Accepted","No pork"
"Madushani Perera","madushani.perera@outlook.com","0711166911","Neighbours","Accepted",""
"Nadeeka Samarasinghe","nadeeka.samarasinghe@yahoo.com","0752031267","Relatives","Pending","Vegetarian meal"
"Sachini Jayawardena","sachini.jayawardena@hotmail.com","0757744488","Neighbours","Accepted","Requires seat near stage"
"Nimasha Bandara","nimasha.bandara@yahoo.com","0777776956","VIP","Accepted","Halal meal required"
"Dulmini Jayawardena","dulmini.jayawardena@outlook.com","0776792344","Relatives","Pending","Bringing 2 children"
"Suresh Weerasinghe","suresh.weerasinghe@outlook.com","0773114023","Neighbours","Accepted","Bringing 2 children"
"Buddhika de Zoysa","buddhika.dezoysa1@hotmail.com","0766716146","Bride's Friends","Accepted","Halal meal required"
"Anjali Samarasinghe","anjali.samarasinghe@hotmail.com","0778092498","Neighbours","Accepted",""
"Hansika Jayawardena","hansika.jayawardena@hotmail.com","0701800824","Groom's Family","Accepted","Late arrival expected"
"Sanduni Weerasinghe","sanduni.weerasinghe@yahoo.com","0789947098","Other","Accepted","Bringing 2 children"
"Kavinda Gunasekara","kavinda.gunasekara@yahoo.com","0777336179","Neighbours","Accepted",""
"Amila Rajapaksha","amila.rajapaksha@hotmail.com","0752643963","Bride's Friends","Accepted","Traveling from Jaffna"
"Nuwan Abeysekara","nuwan.abeysekara@yahoo.com","0754603484","VIP","Accepted","No pork"
"Suresh Mendis","suresh.mendis@outlook.com","0785424046","Other","Accepted","Traveling from Jaffna"
"Shanika Kumarasinghe","shanika.kumarasinghe@outlook.com","0783732048","Bride's Friends","Accepted","Confirmed via WhatsApp"
"Ishara Gunasekara","ishara.gunasekara@gmail.com","0774567549","VIP","Accepted","Vegan meal"
"Madushani Jayasuriya","madushani.jayasuriya@outlook.com","0703027802","Groom's Colleagues","Rejected",""
"Chathurika Ranasinghe","chathurika.ranasinghe@hotmail.com","0726087859","Bride's Colleagues","Accepted","Vegetarian meal"
"Amila Abeysekara","amila.abeysekara@gmail.com","0725756043","Groom's Friends","Accepted","Confirmed via WhatsApp"
"Suresh Ranasinghe","suresh.ranasinghe@gmail.com","0781749647","Relatives","Pending","Bringing 2 children"
"Sithara Weerasinghe","sithara.weerasinghe@outlook.com","0753228175","Bride's Friends","Accepted","Part of Poruwa ceremony party"
"Poornima Wijesinghe","poornima.wijesinghe@yahoo.com","0786456223","Groom's Family","Accepted","Traveling from Jaffna"
"Thilina Karunaratne","thilina.karunaratne@hotmail.com","0761768727","VIP","Accepted",""
"Shanika Perera","shanika.perera@hotmail.com","0763076710","Neighbours","Accepted","Halal meal required"
"Sachini Amarasinghe","sachini.amarasinghe@yahoo.com","0788983198","Neighbours","Accepted",""
"Iresha Gunawardena","iresha.gunawardena@gmail.com","0724452834","Groom's Friends","Accepted","Late arrival expected"
"Kavinda de Zoysa","kavinda.dezoysa@hotmail.com","0751754700","VIP","Accepted",""
"Tharindu Abeysekara","tharindu.abeysekara@gmail.com","0789856721","Groom's Colleagues","Rejected",""
"Dilshan de Zoysa","dilshan.dezoysa@yahoo.com","0723416493","Bride's Friends","Accepted",""
"Ravindu Rathnayake","ravindu.rathnayake@yahoo.com","0706457472","Bride's Friends","Accepted",""
"Dilshan Weerasinghe","dilshan.weerasinghe@yahoo.com","0756439471","Bride's Colleagues","Accepted",""
"Lahiru Samarasinghe","lahiru.samarasinghe@yahoo.com","0759533248","Neighbours","Accepted",""
"Sanjeewa Wijesinghe","sanjeewa.wijesinghe@outlook.com","0709123050","Bride's Family","Accepted","Needs wheelchair access"
"Nimasha Bandara","nimasha.bandara@gmail.com","0713106737","Bride's Colleagues","Accepted","Part of Poruwa ceremony party"
"Roshan Mendis","roshan.mendis@yahoo.com","0783388522","Groom's Colleagues","Rejected","Vegan meal"
"Iresha Abeysekara","iresha.abeysekara@outlook.com","0701016794","VIP","Accepted","Bringing 2 children"
"Piumi Perera","piumi.perera@gmail.com","0755585262","Other","Accepted","Traveling from Kandy"
"Achini Jayawardena","achini.jayawardena@yahoo.com","0769561890","Bride's Colleagues","Accepted","Halal meal required"
"Nadeesha Silva","nadeesha.silva@outlook.com","0773063211","Bride's Friends","Accepted","Bringing +1"
"Kavindi Herath","kavindi.herath@hotmail.com","0776748465","Bride's Colleagues","Accepted","Part of Poruwa ceremony party"
"Dinesh Weerasinghe","dinesh.weerasinghe1@hotmail.com","0718714152","Other","Accepted","Vegetarian meal"
"Nimasha Herath","nimasha.herath@outlook.com","0701160702","Bride's Friends","Accepted","Confirmed via WhatsApp"
"Iresha Silva","iresha.silva@gmail.com","0761519213","VIP","Accepted","Elderly guest"
"Rashmi Herath","rashmi.herath1@hotmail.com","0753972698","Bride's Family","Accepted","Elderly guest"
"Sanduni Perera","sanduni.perera@yahoo.com","0771331881","Bride's Colleagues","Accepted","Elderly guest"
"Nipun Herath","nipun.herath@hotmail.com","0784710242","Groom's Friends","Accepted","Elderly guest"
"Malith Gunasekara","malith.gunasekara@yahoo.com","0704289790","Relatives","Pending","Bringing +1"
"Vidusha Gunawardena","vidusha.gunawardena@yahoo.com","0773944885","Groom's Family","Accepted",""
"Gayan Amarasinghe","gayan.amarasinghe@yahoo.com","0765602459","Groom's Friends","Accepted",""
"Shanika Rathnayake","shanika.rathnayake@hotmail.com","0778615616","Bride's Family","Accepted",""
"Tharushi Abeysekara","tharushi.abeysekara@outlook.com","0723042084","Neighbours","Accepted","Elderly guest"
"Sachini Wijeratne","sachini.wijeratne@yahoo.com","0705662942","Relatives","Pending","Requires seat near stage"
"Sampath Weerasinghe","sampath.weerasinghe@gmail.com","0761425670","Groom's Friends","Accepted","Traveling from Jaffna"
"Deshani Dissanayake","deshani.dissanayake@yahoo.com","0716523472","Bride's Colleagues","Accepted",""
"Ravindu Perera","ravindu.perera@hotmail.com","0785201173","Groom's Friends","Accepted","Needs wheelchair access"
"Achini Fernando","achini.fernando@hotmail.com","0764971899","Groom's Family","Accepted","Part of Poruwa ceremony party"
"Kaveesha Wijesinghe","kaveesha.wijesinghe@gmail.com","0702018157","Bride's Family","Accepted",""
"Sachini Wijesinghe","sachini.wijesinghe@gmail.com","0728245056","Groom's Family","Accepted",""
"Nadeesha Karunaratne","nadeesha.karunaratne@outlook.com","0707897247","Groom's Friends","Accepted",""
"Chanaka Abeysekara","chanaka.abeysekara@gmail.com","0721435739","VIP","Accepted","Late arrival expected"
"Dilshan Perera","dilshan.perera@gmail.com","0764248312","Other","Accepted","No pork"
"Ravindu Kumarasinghe","ravindu.kumarasinghe@outlook.com","0715079421","Bride's Friends","Accepted",""
"Amila Abeysekara","amila.abeysekara@hotmail.com","0723443176","Bride's Friends","Accepted","Requires seat near stage"
"Kasun Mendis","kasun.mendis@yahoo.com","0704982698","Neighbours","Accepted","Halal meal required"
"Chamodi Ranasinghe","chamodi.ranasinghe@yahoo.com","0714376603","Groom's Family","Accepted","Confirmed via WhatsApp"
"Sanduni Herath","sanduni.herath@hotmail.com","0786631448","Other","Accepted","Requires seat near stage"
"Chanaka Fernando","chanaka.fernando@outlook.com","0711062026","Groom's Friends","Accepted","Part of Poruwa ceremony party"
"Anjali Kumarasinghe","anjali.kumarasinghe@hotmail.com","0787306753","Groom's Friends","Accepted",""
"Chamara Ranasinghe","chamara.ranasinghe@gmail.com","0762932555","Bride's Friends","Accepted","Allergic to peanuts"
"Deshani Samarasinghe","deshani.samarasinghe@hotmail.com","0701498041","Groom's Friends","Accepted","Vegan meal"
"Isuru Wijeratne","isuru.wijeratne@yahoo.com","0725126595","Bride's Friends","Accepted","Vegan meal"
"Deshani Jayasuriya","deshani.jayasuriya@gmail.com","0783302564","Relatives","Pending",""
"Sampath Senanayake","sampath.senanayake@outlook.com","0717201541","Groom's Colleagues","Rejected","No pork"
"Dulmini Abeysekara","dulmini.abeysekara@gmail.com","0703423170","Bride's Friends","Accepted","Allergic to peanuts"
"Shanika Ranasinghe","shanika.ranasinghe@hotmail.com","0768206488","Groom's Friends","Accepted","Late arrival expected"
"Suresh Senanayake","suresh.senanayake@yahoo.com","0725146852","Bride's Family","Accepted","Bringing +1"
"Gimhani Mendis","gimhani.mendis@outlook.com","0712365794","VIP","Accepted",""
"Nadeeka Samarasinghe","nadeeka.samarasinghe@hotmail.com","0759705569","VIP","Accepted","Elderly guest"
"Vidusha Gunasekara","vidusha.gunasekara@outlook.com","0755501921","Other","Accepted","Late arrival expected"
"Kavindi Dissanayake","kavindi.dissanayake@yahoo.com","0754932320","Relatives","Pending","Traveling from Jaffna"
"Nayana Gunawardena","nayana.gunawardena@hotmail.com","0722422018","Bride's Friends","Accepted","Bringing 2 children"
"Prasad Dissanayake","prasad.dissanayake@gmail.com","0759594331","Other","Accepted","Part of Poruwa ceremony party"
"Ravindu Ranasinghe","ravindu.ranasinghe@outlook.com","0725580506","Relatives","Pending","Part of Poruwa ceremony party"
"Roshan Silva","roshan.silva@hotmail.com","0705941189","Neighbours","Accepted",""
"Deshani Dissanayake","deshani.dissanayake@gmail.com","0702197032","Groom's Colleagues","Rejected","Allergic to peanuts"
"Dinesh Weerasinghe","dinesh.weerasinghe2@hotmail.com","0725604751","Groom's Friends","Accepted","Vegetarian meal"
"Menaka Gunasekara","menaka.gunasekara@hotmail.com","0706024342","Bride's Colleagues","Accepted","Traveling from Kandy"
"Achini Amarasinghe","achini.amarasinghe@gmail.com","0759600788","Bride's Friends","Accepted","Needs wheelchair access"
"Chamath Rajapaksha","chamath.rajapaksha@outlook.com","0719654113","Other","Accepted","Part of Poruwa ceremony party"
"Sanduni Weerasinghe","sanduni.weerasinghe@gmail.com","0724151542","Relatives","Pending","Traveling from Jaffna"
"Chanaka de Zoysa","chanaka.dezoysa1@gmail.com","0723331197","Other","Accepted","Bringing 2 children"
"Nimasha Kumarasinghe","nimasha.kumarasinghe@hotmail.com","0724783105","Relatives","Pending","Traveling from Kandy"
"Shanika de Zoysa","shanika.dezoysa@hotmail.com","0721389899","Other","Accepted","Vegetarian meal"
"Sanjeewa Amarasinghe","sanjeewa.amarasinghe@outlook.com","0754425984","Relatives","Pending","Traveling from Kandy"
"Dilshan Weerasinghe","dilshan.weerasinghe@outlook.com","0776111102","Groom's Family","Accepted","Halal meal required"
"Nipun Gunasekara","nipun.gunasekara@outlook.com","0704132173","Groom's Friends","Accepted","Traveling from Kandy"
"Lahiru Senanayake","lahiru.senanayake@gmail.com","0751963904","Groom's Colleagues","Rejected","Vegan meal"
"Gayan Abeysekara","gayan.abeysekara@outlook.com","0712857975","Bride's Friends","Accepted","Confirmed via WhatsApp"
"Rashmi Rajapaksha","rashmi.rajapaksha@yahoo.com","0784450687","Bride's Colleagues","Accepted","Confirmed via WhatsApp"
"Amila Senanayake","amila.senanayake@yahoo.com","0768700011","Bride's Colleagues","Accepted","Vegetarian meal"
"Nipun Karunaratne","nipun.karunaratne@yahoo.com","0766517883","Other","Accepted","Part of Poruwa ceremony party"
"Nuwan Wijeratne","nuwan.wijeratne@gmail.com","0728655554","Groom's Colleagues","Rejected","Bringing 2 children"
"Nipun Gunawardena","nipun.gunawardena@outlook.com","0714012820","Other","Accepted","Part of Poruwa ceremony party"
"Dinesh Gunawardena","dinesh.gunawardena@gmail.com","0751732568","Groom's Friends","Accepted","Vegan meal"
"Roshan de Zoysa","roshan.dezoysa@hotmail.com","0772119776","Groom's Friends","Accepted","Traveling from Jaffna"
"Iresha Jayasuriya","iresha.jayasuriya@hotmail.com","0702765375","Neighbours","Accepted","Requires seat near stage"
"Tharindu Bandara","tharindu.bandara1@yahoo.com","0761748853","VIP","Accepted","Part of Poruwa ceremony party"
"Chamath Karunaratne","chamath.karunaratne@yahoo.com","0751633753","Bride's Family","Accepted","Vegetarian meal"
"Chamath Wijesinghe","chamath.wijesinghe@outlook.com","0752144829","Groom's Family","Accepted","Needs wheelchair access"
"Sanduni Wickramasinghe","sanduni.wickramasinghe@outlook.com","0785683223","Bride's Friends","Accepted",""
"Piumi Senanayake","piumi.senanayake@gmail.com","0767557366","Bride's Friends","Accepted",""
"Ishara Wijesinghe","ishara.wijesinghe@hotmail.com","0714635160","Bride's Family","Accepted","Halal meal required"
"Asela Fernando","asela.fernando@gmail.com","0756172822","VIP","Accepted",""
"Nadeeka Samarasinghe","nadeeka.samarasinghe1@yahoo.com","0717285495","Groom's Friends","Accepted",""
"Kasun Weerasinghe","kasun.weerasinghe@yahoo.com","0772059841","Groom's Friends","Accepted",""
"Achini Rathnayake","achini.rathnayake@yahoo.com","0773802587","Bride's Family","Accepted",""
"Tharushi de Zoysa","tharushi.dezoysa@yahoo.com","0764474885","Neighbours","Accepted","Traveling from Jaffna"
"Sampath Jayasuriya","sampath.jayasuriya@hotmail.com","0723912886","Bride's Family","Accepted","Requires seat near stage"
"Sampath Wijesinghe","sampath.wijesinghe@yahoo.com","0705671743","Other","Accepted",""
"Chamodi Senanayake","chamodi.senanayake@outlook.com","0709995633","Other","Accepted",""
"Kaveesha Gunasekara","kaveesha.gunasekara@outlook.com","0773230219","Groom's Colleagues","Rejected","Requires seat near stage"
"Poornima Kumarasinghe","poornima.kumarasinghe@gmail.com","0721296097","Other","Accepted","Part of Poruwa ceremony party"
"Roshan Wijeratne","roshan.wijeratne@yahoo.com","0761222997","Groom's Friends","Accepted",""
"Chamath Abeysekara","chamath.abeysekara1@yahoo.com","0762331937","Bride's Family","Accepted","Confirmed via WhatsApp"
"Ruwan Karunaratne","ruwan.karunaratne@yahoo.com","0771635969","Groom's Friends","Accepted","Part of Poruwa ceremony party"
"Tharushi Wickramasinghe","tharushi.wickramasinghe@hotmail.com","0721664503","Neighbours","Accepted","Traveling from Jaffna"
"Nadeesha Samarasinghe","nadeesha.samarasinghe@gmail.com","0716557792","Groom's Colleagues","Rejected","Halal meal required"
"Gayan Rathnayake","gayan.rathnayake@yahoo.com","0784731991","Other","Accepted","No pork"
"Chanaka Jayawardena","chanaka.jayawardena@gmail.com","0709248388","Groom's Family","Accepted",""
"Ishara Rajapaksha","ishara.rajapaksha@yahoo.com","0703913796","Other","Accepted","Allergic to peanuts"
"Chamara Abeysekara","chamara.abeysekara@outlook.com","0723754127","Groom's Friends","Accepted","Vegan meal"
"Nadeesha Senanayake","nadeesha.senanayake@outlook.com","0774378948","Bride's Colleagues","Accepted","Confirmed via WhatsApp"
"Prasad Karunaratne","prasad.karunaratne@outlook.com","0718897261","VIP","Accepted","Traveling from Jaffna"
"Achini Kumarasinghe","achini.kumarasinghe@gmail.com","0787399154","Relatives","Pending","Bringing 2 children"
"Ishara de Zoysa","ishara.dezoysa@yahoo.com","0727382895","VIP","Accepted","Bringing 2 children"
"Janaka Kumarasinghe","janaka.kumarasinghe@gmail.com","0723292713","VIP","Accepted","Allergic to peanuts"
"Yohan Mendis","yohan.mendis@hotmail.com","0757787310","Relatives","Pending","Elderly guest"
"Chathura Jayawardena","chathura.jayawardena@gmail.com","0751651407","Groom's Family","Accepted","Late arrival expected"
"Harsha Abeysekara","harsha.abeysekara@hotmail.com","0786848179","Neighbours","Accepted","Elderly guest"
"Kaveesha Karunaratne","kaveesha.karunaratne@outlook.com","0775140479","Groom's Friends","Accepted","Elderly guest"
"Poornima Perera","poornima.perera@yahoo.com","0728641531","Bride's Friends","Accepted","Late arrival expected"
"Achini Gunawardena","achini.gunawardena@gmail.com","0702548634","Relatives","Pending","Late arrival expected"
"Dilini Mendis","dilini.mendis1@yahoo.com","0753782058","Relatives","Pending","Bringing 2 children"
"Iresha Rathnayake","iresha.rathnayake@outlook.com","0766167027","Relatives","Pending",""
"Amila Samarasinghe","amila.samarasinghe@hotmail.com","0783394334","Bride's Colleagues","Accepted","Traveling from Kandy"
"Nimasha Gunawardena","nimasha.gunawardena@outlook.com","0702625220","Groom's Family","Accepted","Traveling from Jaffna"
"Kaveesha Senanayake","kaveesha.senanayake@outlook.com","0713959522","Groom's Colleagues","Rejected","Vegetarian meal"
"Tharindu Mendis","tharindu.mendis@gmail.com","0754566389","Bride's Friends","Accepted","Vegan meal"
"Kavindi Bandara","kavindi.bandara@outlook.com","0752831995","Bride's Friends","Accepted",""
"Isuru Silva","isuru.silva@hotmail.com","0704938956","VIP","Accepted",""
"Isuru Samarasinghe","isuru.samarasinghe@gmail.com","0771702283","Groom's Family","Accepted",""
"Buddhika Samarasinghe","buddhika.samarasinghe1@hotmail.com","0758939511","Groom's Colleagues","Rejected","Requires seat near stage"
"Thilina Weerasinghe","thilina.weerasinghe@hotmail.com","0785019771","Groom's Colleagues","Rejected","Traveling from Kandy"
"Madushani Weerasinghe","madushani.weerasinghe@gmail.com","0708665833","Relatives","Pending","Vegetarian meal"
"Dilshan Mendis","dilshan.mendis@hotmail.com","0775169769","Groom's Colleagues","Rejected","Confirmed via WhatsApp"
"Poornima Rajapaksha","poornima.rajapaksha1@gmail.com","0776405343","Bride's Family","Accepted",""
"Yasodha Weerasinghe","yasodha.weerasinghe@outlook.com","0719129167","Relatives","Pending",""
"Gayan Kumarasinghe","gayan.kumarasinghe@gmail.com","0777456854","Bride's Colleagues","Accepted","Vegetarian meal"
"Sithara Amarasinghe","sithara.amarasinghe@gmail.com","0719353796","Groom's Family","Accepted","Halal meal required"
"Sanduni Gunawardena","sanduni.gunawardena@outlook.com","0709089445","Neighbours","Accepted","Allergic to peanuts"